,Bayern Munich,Dortmund,Duisburg,FC Koln,Hamburg,Leipzig,M'Gladbach,Wattenscheid,Werder Bremen,Dresden,Ein Frankfurt,Freiburg,Kaiserslautern,Karlsruhe,Leverkusen,Nurnberg,Schalke 04,Stuttgart,,Uerdingen,Bochum,Munich 1860,M'gladbach,Hansa Rostock,St Pauli,Dusseldorf,Bielefeld,Hertha,Wolfsburg,Ulm,Unterhaching,Cottbus,Hannover,Mainz,Aachen,Hoffenheim,Augsburg,Greuther Furth,Fortuna Dusseldorf,Braunschweig,Paderborn,Darmstadt,Ingolstadt,RB Leipzig
0,0.855181422334038,0.3653006169265923,-0.7314842191346899,-0.9223743211569045,-1.005221092442094,0.06900079798874206,-0.05520781017528587,0.06900079798874206,-0.8226366560983446,-0.406183650609035,-0.7568613318960546,-0.9911789992240791,-1.0343098112349034,-0.6670960591812786,-0.3141921470555959,-1.0544260026245453,-0.5513925303074235,-0.9985061618189665,0.0,-0.9976629142354844,-1.0534579947741674,-1.0544260026245453,-0.7879731603563978,-0.9309721633763776,-0.44909258172048766,0.11077175183563406,-1.031774871921084,-0.848738947441334,-0.8118466037097635,0.2472697437704383,-0.6945373863928178,-1.0518668914032838,-0.8269679226059068,-0.8696160740343262,0.11077175183563406,-0.8964085118054572,-0.67861562863848,-0.7311599823042466,-0.9239699455159031,-0.9377037744993577,-1.0068684840233644,-1.006868484023364,-1.034309811234904,-0.4264540627852791
1,-0.0035942251089626093,-0.3908239939923028,-0.6763647385189746,-0.19434364401273674,0.18434518281282128,-1.0769826033463008,-0.26884623985004386,-1.0769826033463004,-0.029619111088127845,-0.7773285536969552,-0.5085723791126276,0.06220196511917427,0.22341382686103883,-0.6924242460406836,0.28514030770421134,0.1349260949357176,-0.4067581635406884,0.24026256168932214,0.0,-0.21674048028676626,0.14784546409971233,0.1349260949357176,-0.6274550398275812,-0.23580100430688966,-0.9390903028012325,-1.0436095167553832,-0.2154949726964468,0.03292910729435995,-0.3112253466535323,-1.0917043154344408,-0.7166590493318526,-0.09116575180587858,0.19910956767798707,0.15726564168609003,-1.0436095167553832,0.13066199880674617,0.0838389826310522,0.44226877076794235,0.5240191619437155,0.40372988426910283,0.24764863015220745,0.2476486301522074,0.22341382686103883,0.13578087106476713
2,0.2397377799715087,-0.5924083262085846,0.6752250967764581,0.16929463616588175,-0.13095258722590625,-0.4222625092938426,-0.018551416165626916,-0.4222625092938425,-0.13592381491354222,0.3744196118556792,0.09744171306750676,-0.2727844211755135,-0.15336326453088336,0.6928534815435765,0.6123915316938209,-0.1495844222728106,0.54665868932582,-0.14767202845955588,-4.037459371434279e-27,0.1998233651332355,-0.15603121903298658,-0.14958442227281063,-0.10314219358839777,0.40878083932898424,0.3159610402827911,-0.44654727308189474,0.0964058509575591,-0.6072077274245714,0.1160991291141406,-0.5187829785443094,0.6790221638822398,0.016800652625702264,-0.6932840404670367,-0.4200089090403594,-0.44654727308189474,-0.5973640562970496,-0.27561975341127953,0.4914664270040723,-0.07945852089565902,-0.026826165228692998,-0.1395319468695467,-0.1395319468695467,-0.1533632645308835,0.4776521693207674
3,-0.5597173694514701,0.4066416410672418,0.27997263862549515,0.1540921752981215,-0.025659345936458203,-0.3871846073672991,0.07946715557652831,-0.387184607367299,-0.5850809490076113,-0.44850424479911005,0.945324953212661,0.04305592095278772,-0.09476898240293452,0.12834019054035642,-0.03183999984729633,-0.08220105599347678,0.10581213468122969,-0.006815956742492269,-1.1696563223636503e-22,0.03270811166464338,-0.07918805395714117,-0.08220105599347677,0.7600761076585834,-0.045716411919992754,-0.22263766936580676,-0.316791187948798,0.10020926924058342,0.2777238508520466,-0.06644740039395172,-0.16222429581130984,0.20349208128233642,-0.028438271486108925,0.11395261168005977,0.008235643855128694,-0.31679118794879807,-0.2909454300250047,0.06090976161873478,-0.3133361947874871,-0.1768704769981,-0.16837619413733418,-0.16992087314491408,-0.16992087314491422,-0.09476898240293426,-1.0864014690910442
4,0.03274470177823195,0.31711262116091,-0.05491261430348753,0.28396368115690795,0.13687222026525422,-0.059885213428598615,-0.023276196620192823,-0.0598852134285987,0.3343569851170267,-0.09745635256032235,0.6706404463034326,0.04053667615470908,-0.013606888994965788,-0.28985222353010104,-0.5520358117438567,0.026429978791005174,-0.328017679099995,0.04983607486539947,0.0,0.23026425907197487,-0.13620053054870718,0.026429978791005157,0.07533998038841237,0.23198494131438152,0.05010129194245037,-0.013911734356029068,0.2841285724577171,0.4059534073537453,-0.4219452623473586,-0.36725434377559385,-0.20825515090396288,0.24349043382546223,-0.24462678282372993,-0.07040082329359972,-0.013911734356029066,0.06094976902572433,-1.2922447609783199,-0.05659077434466817,-0.34271514741287357,-0.12886776967909044,-0.09520396162110376,-0.09520396162110374,-0.0136068889949654,0.7888861088873641
5,0.0922616330172334,-0.5350454943501911,-0.23392172600335376,0.563097016278166,-0.16221136869032096,0.1869067664624147,-0.016264714370853965,0.18690676646241472,-0.3125842776509778,-0.2065318292957103,0.3560325877362829,-0.16677193690330924,0.04012484670288598,-0.17857794547969827,0.7606646260476009,0.150117567380702,-0.7895328185343389,0.22951006122915973,-1.136530595004198e-19,0.233426811921341,0.27268932610930624,0.15011756738070195,-0.4296284655937061,0.15513126879493114,-0.4818574469969756,0.18430062168428268,0.20750989401782174,-0.2402514290001739,0.8154203982203331,0.24763758313074666,-0.1042329142083006,0.27322012092027703,-0.08925408905258683,-0.26094727278927726,0.18430062168428268,-0.14205919294948544,-0.4281692528026178,-0.19722344520409188,-0.07935258258183457,-0.10313068365114374,-0.03422018456851123,-0.03422018456851115,0.040124846702886366,-0.33875499983855817
6,1.0199035021831657,-0.05614713165787001,0.20302426741775442,0.13079945823839334,0.09815274458661483,-0.2971589377363904,-0.1762054134208185,-0.2971589377363903,-0.5071427522000612,0.10607278437974671,-0.32349701290934973,0.2273782887736662,-0.01218489144477733,-0.052829668651564764,-0.4311460635118093,0.07731530475322536,-0.4040060949744252,-0.05375054684996582,0.0,0.15365748352693634,0.043662742229710096,0.07731530475322533,0.06758200276987492,0.20454365560184104,0.50188273981063,-0.24613355373692491,0.12478068558479699,0.244705580525975,0.2638048973797815,0.11319676119072654,0.16670111041804692,0.19009454381415536,0.6561254415084468,-0.4471340524251766,-0.24613355373692491,0.486515006419006,0.19673606425439036,-0.09181050242632384,-0.38519853117642366,-0.2217430496364871,-0.23171567051438974,-0.2317156705143894,-0.012184891444777605,-0.07403639028894807
7,0.15668336799796145,0.5639603467734289,0.21623198921009232,0.15825166508941044,-0.3165909727897866,-0.014435535485526738,0.015879065232075888,-0.01443553548552672,0.12626430403166072,-0.18651748358698797,-0.9843385941891476,-0.08517084519319632,0.00881819002146171,0.09558681461764566,-0.5062595447089386,0.07013714492488334,0.025525595154625064,-0.1455616024630188,-8.562766001600519e-19,0.22192931977397862,0.3538995142904826,0.07013714492488328,0.5086149915413155,0.23770856914462046,-0.5533728288334573,0.06931677610331823,0.050225018765391274,0.08715722047371838,0.6122039028686225,-0.12970421595542872,0.08887963541411907,-0.009719988172446521,-0.03521732733983598,0.033080374765345776,0.06931677610331821,-0.6649734196368854,-0.46360955811864396,0.1741752044391744,0.3583763567958933,0.04299817377237646,0.015525369224988194,0.015525369224988239,0.008818190021461532,-0.15205793121841604
8,0.01696724034724352,-0.5897685845205096,-0.08719136559851172,-0.1465196969628095,0.16947478713102065,0.2180475378326894,-0.1505303523558641,0.21804753783268932,-0.5794646822828752,-0.177976347874315,-0.4968817738066936,0.5082254571405219,0.03950472954103769,0.06784294671196596,0.3220788983586439,0.1544206581990682,-0.29638397360373486,0.05425224864354856,-5.138766300840265e-17,-0.09894157664893574,-0.025241795154133367,0.15442065819906775,0.4656835015348346,-0.004648414954239624,0.1630976575920905,0.1603110809076172,-0.12560143525705664,0.7825983187040217,-0.4269488141756118,-0.2386279411162507,0.09813187703895289,0.02769259272708754,-0.5938050872065589,0.21920452337217128,0.16031108090761725,-0.29533507079416393,-0.07304603649997868,0.17579281334083557,-0.26284223732478523,-0.045786407481702346,0.009215799214050803,0.009215799214050805,0.039504729541037766,-0.05424156577039706
9,-0.1238848882956596,0.2782582340983786,-0.1285222514659511,0.0706291202569266,-0.4028367928476874,-0.022860397238486648,-0.2670078908010209,-0.022860397238486613,0.18653147688739058,-0.050623608246671364,0.10501551336075153,-0.019484890015826897,-0.10779205771147563,-0.10448198114789839,-0.022536682408749686,-0.06573559396620038,-0.8352454146447301,-0.14666489354022838,1.8740557476867645e-17,0.1106711185751472,-0.11604180860738596,-0.06573559396620038,0.6277746924512362,-0.0754310725882873,0.281635410988176,-0.015037015863116577,0.2602010803012299,-0.3569392528948151,0.15242481523886522,-0.24930837363836164,-0.13870544454612557,0.2804676849502023,-0.5565947313344571,-0.08730010254029416,-0.015037015863116577,0.03976734291750413,0.7953397940731892,-0.03903365712942831,0.1314208352495486,0.2738965028360148,-0.07356859431324807,-0.07356859431324818,-0.10779205771147556,0.37672984714514773
10,0.26094668518563624,0.17526279570165093,-0.01811389226193415,0.21281929231630614,0.3948258685661516,-0.15812991334189405,-0.03909790814837052,-0.15812991334189364,0.02237441127588811,-0.39057606247189164,-0.008351586507381107,0.2482589943222921,0.1122224307816853,-0.2258891219404063,-0.22284190970524295,0.07760524793136536,0.5270434111983162,0.14047272043768236,-4.479698834974938e-17,-0.002756968465925588,-0.17501245544633626,0.07760524793136536,-0.20989874539686715,-0.1659299278694652,0.1432337076585415,-0.048378979948674856,-0.022980262530112223,-0.040781636961741696,0.5812264977432627,0.2714564704388928,-0.1623355653428632,-0.011463081526367998,-0.8922822155095992,0.20873096436080626,-0.04837897994867486,0.04066893292108649,0.16621702043402814,-0.2733772291829116,-0.29329976972419475,-0.021193456213017634,0.04866887418414177,0.04866887418414188,0.1122224307816848,-0.018048061870218596
11,-0.12646745107834725,0.8369291826854891,0.028427436212831586,-0.14071311892917654,-0.06216229018717897,-0.0412826974640878,0.029967205592181016,-0.041282697464088115,0.013627420127942432,-0.0422154973016016,-0.20206315896250396,0.2795766574641358,-0.03146989706064597,-0.07359477642102122,1.000379359403458,-0.010519193154490063,0.035338478939513994,-0.32543510153403027,-8.900245339377022e-17,0.04264902961411308,-0.13559042331214424,-0.010519193154490038,-0.12967148026100134,0.11324129973934528,0.09892425351553107,-0.08914386206876655,-0.00908290276448011,0.23095986526785112,0.21257178984157651,0.05749978482960639,-0.028697123852390424,0.11811752304498516,0.2642822865224225,0.2578962049867973,-0.08914386206876657,0.02533890147217834,-0.05661338545142358,0.025339566993966896,-0.34972547857238884,-0.156962469337865,-0.07636754962927664,-0.07636754962927682,-0.03146989706064595,0.31187645393254865
12,0.6827431816805821,-0.15108516866706773,-0.23896785349023453,0.12303045890472677,-0.13379209845483742,0.08299167894075303,0.010997216774978155,0.08299167894075311,0.38426348698183477,-0.2028929972402146,0.16787724416609062,0.3775124071612221,-0.04860769950377701,-0.20217701714984612,0.2977408524872248,-0.004993664793413544,0.4144227657946071,0.14528650157072176,-4.230347652956148e-17,-0.045773919317957705,0.14089303068903794,-0.004993664793413502,0.32814936833819347,-0.2234322646603674,0.1539712057043203,0.023018732148266927,0.22270762604176192,-0.2397526842600673,-0.2740608497859093,-0.1244508977377013,-0.15742181466394078,0.22811378115923775,0.342010433326353,0.07943430263713713,0.02301873214826693,-0.5676313416485149,0.021006858605403786,-0.2743130434378644,0.1559927184610166,0.0007611992550094875,-0.09336290198968208,-0.09336290198968193,-0.048607699503777246,-0.03971779257042432
13,-0.24643237325569622,0.029894499038231572,-0.17336504382976065,0.08573367499093461,-0.1769519914653449,0.05874788196506311,0.18887874029859836,0.058747881965063004,-0.466868679462096,0.004129726104765329,-0.17989233534077204,0.15216625749454457,0.14003819496000017,-0.34900598519681286,-0.060924937128685776,0.027572808181322045,0.24213153285786096,0.14083999552671012,1.6491881425944824e-16,0.09624777164948811,0.12870500357352901,0.027572808181322007,0.2976076979283926,0.25255417694638843,0.2692923761331946,0.08756963190722483,-0.0026965414791913825,-0.8078826361390424,-0.0586914210904714,-0.27904333909334106,-0.26658872838991055,-0.06464541883587986,0.06739263301081135,0.14298359177884798,0.08756963190722485,0.306242257992544,-0.20151535470011134,0.3390515779748724,-0.3154055444859504,-0.22079326628065415,0.05762093815309829,0.0576209381530982,0.14003819496000033,-0.10468105035824053
14,-0.34483421570538164,0.003899454584482646,0.035843692411901135,-0.5273843433225476,0.01607417133783106,-0.10956262219870147,-0.3329837911065014,-0.10956262219870141,-0.2230926744613613,0.18577724896032474,-0.03770572046889168,-0.14891752220030938,0.09290989521120831,-0.11299752063451336,-0.0990517402986313,0.21699411048591788,0.042705044482961675,-0.10095684350726476,-7.69068989879e-17,-0.21205777818054397,0.5971811316988695,0.21699411048591738,-0.17224199247885438,-0.2378671540403631,0.37353444301849476,-0.023928932638271668,0.211759108330036,-0.082232255708814,0.09701214313663517,-0.014419592543562385,0.011004292475926556,0.32385468594396877,-0.032335488527654756,-0.03172394992434635,-0.023928932638271675,-0.27752818761979414,-0.15789033429726604,-0.43167223051226,0.07757755697517095,-0.17430696792772865,-0.031091917899231512,-0.03109191789923153,0.09290989521120828,0.09271598520039874
15,-0.23148735136319842,-0.2201470117767571,-0.08862453171279408,0.02845406154127163,0.11794460139746926,-0.12352924066751697,0.5563265857517472,-0.12352924066751661,0.46761024705718174,0.14620016793581692,-0.32261903682406695,-0.18589935982007352,0.16981078333942412,-0.06284286530159988,0.14538412893240674,-0.0997211563710976,-0.22136444366642172,0.14331269151285003,9.233322410956776e-17,0.02590498037561126,-0.14141243394647476,-0.09972115637109746,0.28195459909140513,-0.2062268688996377,0.39752941384620233,-0.10701576707688784,-0.005514024007123177,0.09761379460538373,0.20539138214397257,-0.0928749154393016,0.010497027770374447,-0.27204681470389347,0.06313016544852189,-0.19098530855534232,-0.10701576707688787,-0.0596306176033044,-0.16242630550845757,-0.37358170458545636,-0.20719741237591557,-0.0842988796796594,0.09647089026744979,0.09647089026744976,0.16981078333942415,-0.1357273002086861
16,-0.23371974798688058,0.1645992495025407,0.19546338293607338,-0.006924173260961518,0.23784480913384345,0.0403727712961291,-0.04327575537738017,0.0403727712961296,0.09669981621809172,-0.27890372487796955,-0.016123994121993643,0.5294527963426212,0.13129208419516816,-0.05926159143217566,0.042469398612837814,0.1783094961577161,-0.07336726275665875,0.14336310656295262,-7.264171960701732e-17,-0.07383498136969957,0.04742793836634684,0.1783094961577159,-0.009070006109841836,-0.013967839599840656,-0.13291652085343683,0.08715684035609535,-0.26614013033312883,-0.24956854911585283,-0.12119079988520996,0.028522632853588064,0.21613937856391616,-0.2629080738111056,0.03343284453282861,-0.7899470550197051,0.08715684035609539,-0.06209595224368553,0.05831539097250057,-0.05422293810425971,0.10870629369093017,-0.04992168525019876,-0.14410888580092365,-0.14410888580092382,0.1312920841951682,0.19300898735019378
17,0.17776947708173807,0.27001208829666823,-0.02832923969209615,0.00580766194114777,-0.06255099593356474,-0.2738631978762327,0.3026979576935712,-0.2738631978762327,0.1891653665942312,-0.12509964551956249,-0.10134708518289888,0.049461642159879395,0.046125768145090784,0.24768402916675866,0.023290526372957514,0.1285828875989721,-0.3037797843775328,0.008794184483897668,-6.899257659043675e-17,-0.047983985702881884,0.1738408168992238,0.12858288759897196,-0.3509883581400838,0.25463167468297754,0.14783815886870327,0.2137424446939727,0.148386130429898,-0.18841405165222325,-0.5004165463526496,0.07299833329939287,0.2096330298027203,0.09212404460078877,-0.23575443988185138,0.13440571388271277,0.21374244469397283,-0.014943417350427025,0.012683232206167698,-0.029888606092627636,-0.05415812921900549,0.0408513327845147,0.08417676750912871,0.08417676750912874,0.04612576814509059,-0.3806816478718929
18,-0.06587037554511076,-0.004868202257779124,0.04984811507856902,-0.023558253248690174,0.21531595191774408,0.0018959558925078276,-0.46928799109945846,0.0018959558925082463,-0.07363379328131497,-0.27532579317079536,-0.16022568663221062,-0.060664004562061925,0.16920156284710378,0.28827246388374117,-0.06546422708727563,-0.24073560937452843,-0.11400982395736743,0.14129802494715235,6.79178673905152e-17,-0.013640399522854323,-0.4102148873243378,-0.24073560937452843,0.00498656856271988,-0.022609711912083615,-0.08749729365033397,0.08763058287677004,0.05072328711245025,-0.2995929952999504,-0.04676369028339355,-0.019821812541893916,0.16267133243292664,0.24721802928528624,0.28736685673704226,0.09563669648708581,0.08763058287677024,-0.17304802716634038,-0.06925002787365742,-0.23207393122701447,-0.28030548163830055,0.06599365898782224,0.29480269429791783,0.2948026942979177,0.16920156284710353,0.08535973909997052
19,0.024002005690550703,-0.026548073083124513,0.19055665278408518,0.23471155520122391,-0.260144518986083,0.06479058092345458,-0.27286830811851426,0.06479058092345406,0.12355037574355222,-0.059075047772757655,0.005040839109904994,-0.08856687882167527,0.0493543476857657,0.011244259643661105,0.0014727798480472965,0.010275252320393837,-0.07959001880489429,0.2614200563347992,-8.38072457886138e-18,0.11577030261833283,0.2621858283974305,0.010275252320393946,-0.09382111715772008,0.18144104579267703,0.0166666347856192,-0.04756732592088653,-0.4150614238150315,0.005918145052407973,-0.06124395446182808,-0.26359335654296623,0.19679932209754417,-0.3771289227512005,0.01400008642069053,0.4607051508631768,-0.047567325920886486,0.0870525572024363,0.13026715256696014,-0.4408354630355043,-0.04094574178690549,-0.2564379074318675,-0.1362007147681173,-0.13620071476811726,0.049354347685765694,0.13415738672951308
20,-0.16378829618443175,-0.039485876773984824,-0.2254228961248655,0.38497232299264844,-0.04114978564209726,-0.17048165344112573,-0.15376750984736678,-0.1704816534411257,-0.04609390522109582,0.4950080918510652,-0.07909388377377113,0.2904795445120327,-0.18199931329113783,0.15537998086054566,-0.058939766124887716,0.11689313101916125,0.050180624264478904,-0.21354914367278555,1.283764931792745e-16,0.26728487138216406,0.08241466736415361,0.11689313101916105,0.020858793269229223,-0.04383559340789462,-0.18736552526331995,-0.02991573630887836,-0.11012772853011629,-0.03981922563138693,-0.17723365930327417,0.20766643931784437,-0.23862063544367823,-0.10119906021844374,0.010987904021118777,-0.08740687644070061,-0.029915736308878327,-0.17373400151504775,0.07371012824135825,-0.24011742685434945,-0.22508655603207983,-0.015693771265257502,0.21200130301308603,0.21200130301308606,-0.18199931329113778,0.06581796884876223
21,-0.15882352786764242,-0.08654851717427343,-0.022845296328278236,0.05972067160895678,-0.03894042782813394,0.03022587447996736,-0.1438794441148249,0.030225874479967912,0.3478196233534863,-0.19972641895329835,-0.008232415623081397,-0.2610837839947674,-0.012873003089798076,-0.10489263989279356,-0.08623265047769298,0.01281986997429377,0.06786016764548583,0.08686798573134548,-6.190839464535586e-17,-0.0462546365563187,0.3109975014716312,0.012819869974294282,-0.034367551713200585,0.10068093656547843,0.0024271940516387737,-0.04937917117760876,-0.047626784322102766,0.12777062495765068,-0.05648160729323843,0.1553313352772855,-0.044949625966414435,0.12194502765905477,0.08442667514616384,-0.1343346699514517,-0.04937917117760882,-0.24121917176420182,0.25798419503085535,0.4121372708639348,-0.6426138127458286,-0.013113913437297684,-0.07281601701617675,-0.07281601701617688,-0.012873003089797845,-0.03466266444555038
22,-0.1344217434787684,-0.1836780617466492,-0.14010910174859068,-0.24432462489545367,-0.015367571904595595,0.07973994035721889,-0.1510160274625975,0.07973994035721903,0.19440663854765322,-0.17603156329030997,0.024551274846299685,0.24220205423317512,-0.16432854683208947,0.062093901170154134,-0.11301273720035286,0.06500736069170278,0.04388000962406215,-0.3121777900127602,-7.150311465862716e-17,0.1892446470447576,-0.11220275507513025,0.06500736069170275,-0.19014258828387,0.3113233959380888,0.1897892224470529,0.014881201152207944,0.07584958575422521,-0.020448794941467792,0.21436048854451512,-0.2655368985401382,-0.03134209325127329,-0.18994364055439703,0.09496586035485016,0.009892644309813667,0.01488120115220802,0.007060310327579773,-0.0732522982612858,-0.11464466054848668,-0.0900959125843573,0.33260277743372846,-0.07089255241066209,-0.0708925524106621,-0.1643285468320893,-0.23314690322311138
23,0.1077984338185498,-0.0958732158443121,0.08782252570956789,-0.4171409219637022,-0.21426530307203645,-0.04469639818521884,0.2329778359961796,-0.04469639818521944,0.10101950048117121,0.1280045759240537,0.13472605778497357,0.2257769905254981,-0.012690507241577373,0.11647121841291108,-0.10107775433340897,0.043247463857440493,0.006513885991184809,0.10943846492991945,7.071010015976694e-17,-0.04010791568760094,-0.034738050361332214,0.043247463857440355,-0.008819435878817752,-0.04577120074943931,-0.4204878867121029,0.11172016903799543,0.11814212298868884,0.021126132364310414,0.19212518185843752,-0.291465100539967,0.004021215995075865,0.0700934374026377,-0.020864740090223526,-0.00579276889094515,0.1117201690379955,0.0565475336604411,0.17016833190070252,-0.0469250811398629,-0.28923671274996593,-0.3179788375385719,0.09975949517625783,0.09975949517625778,-0.012690507241577182,0.09322076637341617
24,0.013553865871724824,0.05119587932726142,0.21182212451785576,0.11637502060989521,-0.1885737465355605,0.09678244923496661,0.12510019839279468,0.09678244923496637,-0.0607812656438885,-0.16761978006253705,0.09795218582503001,0.2287384186652644,-0.16260837960743812,0.2503088730006403,-0.08996908556008149,-0.013829105780925624,-0.17254874669172543,0.06587581339331314,-1.2606062262941784e-16,-0.3152849796772237,0.17863738896779738,-0.013829105780925667,-0.11014319810947279,-0.2794516261305088,0.23892434328002748,-0.12857912614151704,-0.11518666623184798,-0.035528664489668196,0.14077517484692542,-0.0025414471311928713,-0.1245735014619465,-0.09759092123101117,0.07146973685538764,0.06347565861635904,-0.12857912614151704,-0.04471750383118935,-0.13495091665692804,0.1389557150560815,-0.056712960257007075,0.12307613297845851,0.21227399485514864,0.21227399485514814,-0.16260837960743818,0.05513337151060271
25,0.03957467066688004,-0.005967880850304243,-0.11343580762511225,0.033582679576454444,0.15400036957720892,0.007067879762521883,-0.01575748839832075,0.007067879762522098,0.038656118572884354,-0.11535507768008246,-0.020463214579159398,-0.0018832425136952407,0.006108647918793751,0.15049834729729253,0.03200970843976492,-0.07339534644748213,0.004770152310967669,-0.2338789265263131,-2.4886335897433844e-17,0.30922132981756606,0.28524035971263073,-0.07339534644748215,0.03490460593926259,-0.5234119033650922,-0.09465790155073046,0.05044370825953848,0.06293629741161416,-0.08888359822606995,-0.018690792830818016,-0.11211346902106246,0.24484445419202322,-0.05195001352356054,-0.019977515005400116,0.06423226281591037,0.05044370825953841,0.23805333042945806,-0.07480364348964366,0.0991966437676229,-0.11552320707938463,0.024920620253505547,-0.0882374589759374,-0.08823745897593732,0.006108647918793814,-0.0016674519571140546
26,-0.05388413763429285,-0.0871486428530104,-0.20198800284863253,0.047856697383243815,-0.05817814070177459,0.128908581543484,-0.04489921726686334,0.12890858154348375,0.1422694090597919,-0.2024087646287395,-0.09039849616181371,0.01590818557229071,-0.030122703374862517,0.18743308411737591,-0.0037438106048299853,0.05225164970166439,0.05187902399035626,-0.1861316334768132,2.1297831462459428e-16,-0.19098581667045023,0.008283277839348164,0.052251649701664335,0.10919022138673515,0.15012983374347988,-0.06372024272783919,-0.23394508935033,0.17221964618168092,-0.047987128806117815,-0.060924244049580155,0.1593727155075763,0.09722485510667812,0.05989127950034845,-0.08267977171047447,-0.045832988945467855,-0.23394508935033,0.2303647097023267,-0.04261326800484024,-0.07629119074870726,0.08817211363419371,-0.3768614949999,0.06008552563583553,0.0600855256358354,-0.030122703374862305,-0.001620931395053012
27,0.1337542785464484,0.07909912057152194,-0.07622865119931356,-0.13070573921586778,0.23148791980594774,0.08472432436670334,0.1472828055015346,0.0847243243667032,-0.12119474921353132,-0.017031141358904166,0.080326041539082,-0.026393420880519103,0.014855666031352436,0.02934429661302821,0.04775945235864991,-0.2649843551752645,0.003755898918707988,-0.05570832194762395,4.6273054951918394e-17,0.011403787595061995,0.3903138428304846,-0.26498435517526453,0.07221975190292215,0.29485196677822223,-0.07230035281391324,-0.05470048977380668,-0.052698511092460945,0.022916174187346126,-0.019345254593398663,-0.034383144897306345,-0.08098651650129539,-0.05649646965558643,-0.08300993389760963,-0.12230420559919496,-0.05470048977380675,-0.0026596552932564694,0.07356074717427066,-0.17327103030660634,-0.038997082290682966,0.14249552776564103,0.1251864791456762,0.12518647914567635,0.014855666031352436,0.08950289539920081
28,0.07568746298332808,0.17275527338646104,0.05080001626697199,0.052657981479816714,0.047836804189662054,0.26893245924824216,0.02597525509393294,0.2689324592482419,-0.049342223254177885,0.22802007123174717,-0.026443858780403992,-0.011992740679208474,0.1411419413372531,-0.07344759939268337,-0.04629927387113781,0.10301952835400531,-0.06100927594712312,0.003814604804347035,-4.4491810564767244e-17,0.005852017971896536,-0.08560095641841445,0.10301952835400546,-0.15286739974745733,-0.08232327611067992,-0.09805088806739344,-0.23101192803788867,0.2168789706454491,-0.05777278003184888,-0.10986184256978739,-0.15206573029074724,0.07345182811408511,-0.07484578152206844,-0.059848924687118416,-0.005235889884649878,-0.2310119280378887,-0.1193862183854323,0.0621534591379311,-0.03090537883537073,-0.139963377637772,0.12104115328577751,-0.0057574861695159135,-0.005757486169515858,0.1411419413372529,-0.13722899083952148
29,-0.03618628353610948,-0.0285767862709378,0.08988932776324658,0.07029577457690486,-0.10880357371437789,-0.0712326896498272,-0.20851513549673487,-0.07123268964982687,0.09615310936834355,0.16474446164102358,-0.08042496666488323,0.14838316146321245,0.018247817489268407,-0.06646829142496304,0.07484639210745174,-0.15234472931994875,0.050830807903137286,0.09017385196059745,3.9408909899127605e-17,-0.29314979721762097,0.0913765570204097,-0.15234472931994902,0.05360761118283495,0.009868706863566144,-0.10362975979905903,0.043390770869445094,0.23031971993120176,0.028391330680260403,0.003813232691619252,0.038443966603536224,0.025431538372830333,-0.09385208262251679,-0.06620379129286469,-0.02014252644642785,0.04339077086944501,0.1960507773235445,-0.11270810537744602,-0.028171052869037143,-0.0725711455209749,0.18011703622579334,-0.07365201230852483,-0.0736520123085246,0.01824781748926838,-0.09408404955190312
30,-0.11921859802145558,-0.1494235182501669,0.1910421243940756,0.03821225467571481,0.1951577955871906,0.005024069507780404,0.1933802779965594,0.005024069507780553,0.03989894981392989,0.03170846853414833,-0.07067387147444722,0.15857681611232982,-0.05822620458483557,-0.09045881553465784,-0.08927002147505596,-0.06326465000582047,-0.12073625084173369,-0.1143049118897563,-3.723066628778712e-17,-0.05496172915128298,0.008439644219180469,-0.06326465000582052,-0.016297829284647722,0.042892638754666465,-0.10874426741293622,-0.061852063427088835,-0.03950531348049688,-0.14258621875742644,-0.014956943334891712,0.0996981329454827,0.006536287645773876,0.2002444286578436,0.041191747268874056,0.2317074487486013,-0.0618520634270888,-0.057654929234192576,0.020759824583678185,-0.044797228988083276,-0.008743021654343836,0.009801646304669318,-0.15522130776526732,-0.15522130776526744,-0.05822620458483545,0.04578708056934563
31,0.004905685435748706,0.03252359819887462,0.053833735047089507,-0.034162172856468144,0.18627078808969635,0.0008598292208799914,-0.11375661389562769,0.0008598292208800146,0.061356925924234404,0.050790375808919826,0.009965333336274034,0.0422857551392506,-0.06658439953050951,-0.008622755874895093,0.013585668992936083,-0.060545382319042114,-0.09119665442336969,0.07059464464960832,-7.188591291026513e-17,0.06278826734744637,0.01951268782274771,-0.06054538231904204,-0.030195496211671884,0.006382434618103356,0.04982855632674107,0.009402398809526737,0.1287293171480997,-0.020029320413553396,0.016551143784589748,-0.01018528954719285,-0.09519193416144059,-0.14140348408236492,-0.006278685555766082,0.040381341377589135,0.00940239880952665,-0.06967795758165268,0.020902325197047794,0.12289680075415066,0.08007245029868389,-0.21701649091586359,0.019984778756035902,0.019984778756036013,-0.06658439953050964,-0.0733936775163298
32,0.029767022288244235,0.0039284148379929015,-0.15344994552051525,-0.0013631981803801283,0.06543868463029665,-0.03956462706772476,0.01748222758168245,-0.03956462706772587,-0.03967374755491521,0.02785753663533009,0.07236558634494106,-0.012536800297117182,0.030877944083017934,0.031924010476359226,-0.028762361271676314,0.047571023159471745,-0.04670589972421744,-0.030279317022753823,7.238413373883594e-17,-0.13600952311733527,-0.0057428316140684275,0.047571023159471516,0.05470078084530877,0.03221579835800988,-0.015562703434648462,0.018646540323841856,0.03308556987054871,-0.037387298087402744,0.06964641252856929,0.04267425869892781,0.09662117506397595,-0.1519727433786781,0.05001606403467094,0.09249953342433324,0.01864654032384187,-0.08524205229940666,0.007107758463628588,0.04742445445419861,-0.03021659943463769,0.024197037065275265,-0.03381922050459826,-0.03381922050459825,0.030877944083018142,0.09207274541026955
33,-0.025635647632106625,-0.03585830035575402,0.04386773276473814,-0.028249928781138755,-0.07260792498084309,-0.009246597544046178,0.04066099446433122,-0.009246597544046135,-0.050728115304448776,-0.07490527170647257,-0.017483664465591027,0.00526694465159875,0.0100435677017063,-0.019417945827345778,-0.00897677254199435,-0.011560100906271818,0.008080934687491624,0.01902068560027771,9.215934882894216e-17,0.08326205146558507,-0.0007595821916408837,-0.011560100906272143,-0.01956718337732194,-0.003733032807763508,-0.004576964448498606,-0.010732767326835887,0.12352722053872044,0.013871411156920536,-0.037773043294326215,0.09292357736609386,-0.009033773611189774,-0.08424297732864561,0.014258775135847819,0.013257810283475453,-0.010732767326835844,-0.02196399717139502,0.019453253850184312,-0.02085575915095614,-0.0004243417901436628,0.020169345177937,-0.0003406045144503247,-0.0003406045144502234,0.010043567701706026,0.07198474649496947
34,-1.7650770448186288e-08,6.425056623320584e-09,-2.672540776780062e-08,2.1048657216601126e-08,-2.2547522559790027e-09,1.6577726210824008e-09,1.1989168480747806e-08,1.6577726210822716e-09,-1.1989168480747818e-08,-3.123668838089972e-10,-9.846934888285458e-09,8.532245078246424e-09,-6.8121511801414055e-09,8.386133608681758e-09,-1.044501988728082e-08,-1.4324111549907518e-08,8.615153178627543e-09,1.8624800451727143e-08,-8.080936673406788e-24,-3.2787359203063987e-09,1.2626463552198106e-23,-1.4324111549907496e-08,-2.2757162348948628e-08,4.040468336703394e-24,7.0710045851605485e-09,3.6440460435778363e-09,1.3181930140350177e-08,1.3044973436408029e-08,4.987241052653868e-09,-1.8906423624138857e-08,1.1268269573958311e-08,1.23511625117234e-08,4.154709239705153e-09,-6.648329766032094e-09,3.6440460435778334e-09,-7.129474645116171e-09,1.2314353189865094e-08,-1.5441485934670045e-09,7.071004585160553e-09,-7.3961892942778115e-09,-9.694287145417999e-09,-9.69428714541794e-09,-6.812151180141488e-09,6.795893567085218e-09
35,0.0,4.90000111663804e-10,-2.7947534836387686e-09,-3.1558503028373835e-09,-1.873596679575587e-09,6.265207070120027e-11,-7.264830768583226e-10,6.265207069879902e-11,7.264830768583241e-10,1.5966850511830927e-09,7.419889692555074e-10,2.70696914176747e-09,1.4078648168483349e-08,2.7062665852866488e-08,-6.564232036576523e-10,-1.3455221243149687e-09,-9.557677399225998e-10,3.1829916499116452e-09,1.736027703131795e-21,2.5387464742410046e-09,7.828791278391891e-24,-1.3455221243144782e-09,1.0149065873588772e-10,1.4536271305972442e-23,4.271385405933712e-10,-1.9687888239476664e-09,-2.3516900499073584e-09,-4.4306343373139737e-10,5.156131698604802e-10,3.171356195234562e-09,-2.46950509098211e-08,1.0810718813226103e-09,-9.17138652257152e-10,6.593320673269132e-10,-1.968788823947375e-09,-5.311190622576497e-10,-1.5829787343184546e-09,1.382906280515968e-09,4.2713854059335717e-10,4.2935711686676867e-10,-1.386099896009688e-08,-1.386099896009652e-08,1.4078648168484492e-08,-1.0027044178550004e-09
36,0.0,-3.3008301746708943e-09,-3.41386402171978e-09,5.46798734002357e-10,-1.3221259113732038e-08,-1.1315583848765296e-09,-2.992603655376922e-09,-1.1315583848636183e-09,2.9926036553769297e-09,3.816352338306733e-09,8.154895917908354e-09,1.3856484202075776e-08,1.6050685266319068e-08,-9.808418797962393e-09,-5.538505816996197e-09,-1.1607338448102587e-08,-3.440138783841991e-09,-1.565662833242451e-08,-8.051606602517518e-21,3.555673535013028e-09,-1.3047985463986485e-24,-1.1607338448105658e-08,-6.7418025932202805e-09,1.1743186917587836e-23,5.090970688531131e-09,-1.3642951566266293e-09,-7.681086027321066e-09,4.267222005601323e-09,2.6393303242049073e-09,4.6154935285290925e-09,8.131312131151027e-09,1.1770220141018695e-09,-1.7901405138602292e-09,4.704753517577793e-10,-1.3642951566270665e-09,-7.801622586736356e-09,-1.1553475117098518e-10,8.53110947237312e-09,5.090970688531138e-09,-7.968039592737081e-09,4.668971723103344e-09,4.668971723101236e-09,1.6050685266313652e-08,-4.406530614772409e-09
37,0.0,3.957573836338267e-09,-1.306265797373909e-08,-1.6632546419017304e-08,-4.082553233249046e-09,8.093966703641175e-10,-2.495430265548181e-09,8.09396670392191e-10,2.4954302655481815e-09,6.6650374991469344e-09,3.6868316722673795e-10,8.14139321225925e-09,-5.751634009161937e-09,7.287145970967943e-10,-1.0427878066747125e-09,-2.0286084673998062e-09,-3.4955025941507583e-09,2.3234322223158772e-08,-1.605892326784461e-20,1.1671733216770913e-08,-6.523992731993242e-24,-2.0286084674049306e-09,3.4100716380065293e-09,1.1743186917587836e-23,4.2715478072124885e-11,-9.647063783223759e-09,-8.935766218212479e-09,-4.126891755526634e-09,1.5507415642398709e-09,1.4505799320695855e-08,1.2291227898570163e-08,5.114295934907094e-09,-4.0002893144103646e-09,3.2249185322904287e-09,-9.647063783224571e-09,5.760055340815906e-10,-8.17623062262019e-09,3.5382180722228883e-09,4.271547807212162e-11,5.638084878999893e-09,-1.976816564691518e-09,-1.976816564695698e-09,-5.751634009171481e-09,-3.3261846749623914e-09
38,0.0,1.3203880854191601e-21,-8.188680831928762e-21,-9.163694319230807e-21,-5.883299487796375e-21,2.5313928743144708e-08,-2.231042414523389e-21,-2.5313928743144414e-08,2.219462327424101e-21,4.755990701623074e-21,2.400829325373513e-21,8.316785934744986e-21,-7.541133345978167e-09,-3.770215399818895e-21,-2.072020091681054e-21,-4.161727722061405e-09,-2.8862143846338103e-21,8.761069839793726e-21,2.748795957313304e-08,7.526078015627405e-21,4.077495457495777e-24,4.161727722052821e-09,8.546430478911148e-23,-5.219194185594594e-24,1.3977654428295521e-21,-9.993535764459423e-10,-7.099408890955046e-21,-1.1482227208308107e-21,1.5605390614927835e-21,9.38411114569908e-21,1.0576697017107444e-20,3.207194827047878e-21,-2.742686544529959e-21,1.915444266113216e-21,9.993535764343928e-10,-1.7693068289165675e-21,-4.618986854251216e-21,4.284958426373162e-21,1.3987440417393512e-21,1.0046948807269593e-21,-3.3479635260417103e-09,3.347963526043547e-09,7.541133345978916e-09,-3.084543763686405e-21
39,0.0,-7.048952746713185e-24,2.7442006308185844e-22,2.4203206357230716e-22,3.015360685816226e-22,6.976125212014332e-09,7.761512603343211e-23,-6.976125212014319e-09,-8.089750987671621e-23,-1.67992812848826e-22,-1.4222304155745268e-22,-3.796963770020067e-22,2.7073443262295597e-08,2.541095169111368e-22,1.0960307789748648e-22,-6.657919716156938e-09,1.1302817408178294e-22,-9.900158970799746e-23,1.1942364782929546e-09,-2.472593245425439e-22,5.219194185594594e-24,6.6579197161574306e-09,8.87263011551081e-23,3.261996365996621e-24,-8.87263011551081e-23,-1.3972687686778401e-08,2.6193830818952867e-22,-2.3486373835175673e-23,-6.523992731993243e-23,-2.9749406857889187e-22,-4.442839050487398e-22,-9.769679116159881e-23,8.87263011551081e-23,-5.480153894874324e-23,1.3972687686778752e-08,1.4352784010385134e-22,1.1743186917587837e-22,-2.0615817033098646e-22,-9.916468952629728e-23,5.741113604154054e-23,9.114303961596986e-09,-9.114303961597181e-09,-2.7073443262295868e-08,1.2265106336147297e-22
40,0.0,-1.0349479293942555e-23,-1.4354672957007266e-22,-1.4360467726694077e-22,-1.8268220882590957e-22,-5.337606744930388e-09,-5.089224017886916e-23,5.337606744930381e-09,5.088714330954729e-23,9.280379661260387e-23,9.688129207009965e-23,2.1349766215447885e-22,6.562996431625328e-09,-8.513810515251182e-23,-6.850192368592904e-23,-2.5771005417512993e-08,-7.437351714472297e-23,2.760464424724641e-23,3.567420671926847e-09,1.3243705245946282e-22,0.0,2.5771005417512725e-08,-4.175355348475675e-23,-5.219194185594594e-24,4.958234476314864e-23,1.4200100691372985e-08,-1.5657582556783782e-22,7.176392005192567e-24,5.349674040234459e-23,1.9311018486699998e-22,1.8332419576901012e-22,3.196756438676689e-23,-5.088714330954729e-23,4.5015549850753373e-23,-1.4200100691373165e-08,-8.61167040623108e-23,-6.784952441272972e-23,1.2265106336147297e-22,4.958234476314864e-23,-3.392476220636486e-23,-1.269926743367561e-08,1.2699267433675665e-08,-6.562996431625049e-09,-5.871593458793919e-23
41,0.0,1.1571925481918388e-23,2.188985241953281e-22,1.6022890904623402e-22,2.517874520134482e-22,1.9449686062851904e-08,6.601465145685663e-23,-1.9449686062851887e-08,-6.523992731993243e-23,-1.4026584373785471e-22,-1.4091824301105404e-22,-3.040180613108851e-22,1.2541794679361284e-09,3.575148017132297e-22,1.076458800778885e-22,3.33536191259667e-10,9.655509243349999e-23,3.1804464568467057e-24,-3.596994909867426e-08,-1.5657582556783782e-22,-5.219194185594594e-24,-3.33536191259252e-10,9.003109970150675e-23,-5.219194185594594e-24,-9.003109970150675e-23,6.643844210761929e-09,2.0354857323818916e-22,-3.1315165113567566e-23,-8.35071069695135e-23,-2.1137736451658105e-22,-5.0104264181708105e-22,-5.219194185594594e-23,6.784952441272972e-23,-4.6972747670351346e-23,-6.643844210761685e-09,1.334156513692618e-22,7.796171314731925e-23,-1.774526023102162e-22,-8.35071069695135e-23,7.306871859832432e-23,-5.826783059911714e-09,5.826783059911403e-09,-1.2541794679363095e-09,8.35071069695135e-23
42,0.0,-1.8899191445492925e-23,-3.701240765607714e-23,-8.479341227903341e-24,-7.728943628966173e-23,1.954675070866725e-09,-9.785989097989864e-24,-1.9546750708667396e-09,6.19779309539358e-24,1.7696330285531672e-23,2.5117372018173983e-23,7.241631932512499e-23,-9.083596595902137e-09,-5.871593458793919e-23,-2.870556802077027e-23,-1.2742816810909655e-08,-1.1743186917587836e-23,-4.142735384815709e-23,-5.06262823327286e-09,4.273215239455574e-23,4.077495457495777e-24,1.274281681090952e-08,-3.7186758572361483e-23,6.523992731993243e-25,1.826717964958108e-23,7.527809410480716e-09,-1.826717964958108e-23,2.6259070746272802e-23,3.914395639195946e-24,4.762514694355067e-23,6.263033022713513e-23,-3.261996365996621e-24,-1.500518328358446e-23,4.9745444581448475e-24,-7.527809410480737e-09,-3.522956075276351e-23,-5.219194185594594e-24,3.392476220636486e-23,2.609597092797297e-23,-3.1315165113567566e-23,2.804978266254628e-08,-2.804978266254625e-08,9.083596595902274e-09,-1.5657582556783783e-23
43,0.0,2.5958355456282486e-23,8.893873867306288e-23,5.90980019849894e-23,1.7134632588695115e-22,2.2187353493670913e-09,3.2153600117015135e-23,-2.218735349367062e-09,-3.180446456846706e-23,-5.30074409474451e-23,-8.318090733291384e-23,-1.8210094713176137e-22,1.3710855138974412e-08,1.958828817780971e-22,6.523992731993243e-23,1.4720800480980533e-08,4.403695094095439e-23,7.40473175081233e-23,1.0989190928067536e-08,-8.986799988320692e-23,6.523992731993243e-25,-1.4720800480980263e-08,6.19779309539358e-23,9.949088916289695e-24,-5.741113604154054e-23,2.462314028411889e-08,1.0144808698249492e-22,-3.196756438676689e-23,-3.392476220636486e-23,-1.18736667722277e-22,-2.3225414125895943e-22,-1.4352784010385135e-23,3.783915784556081e-23,-1.9571978195979728e-23,-2.4623140284118782e-08,8.35071069695135e-23,3.653435929916216e-23,-1.0177428661909458e-22,-5.219194185594594e-23,6.165173131733614e-23,5.3565556288960155e-09,-5.356555628896188e-09,-1.3710855138974626e-08,4.8277546216749994e-23
