,Arsenal,Aston Villa,Chelsea,Liverpool,Man City,Newcastle,Oldham,Sheffield United,Southampton,West Ham,Norwich,Tottenham,Everton,Ipswich,Leeds,Wimbledon,Blackburn,Coventry,Man United,QPR,Sheffield Weds,Swindon,,Crystal Palace,Leicester,Nott'm Forest,Bolton,Middlesbrough,Derby,Sunderland,Barnsley,Charlton,Watford,Bradford,Fulham,Birmingham,West Brom,Portsmouth,Wolves,Wigan,Reading,Hull,Stoke,Burnley,Blackpool,Swansea,Cardiff,Bournemouth,Brighton,Huddersfield
0,1.080193012869466,0.3621225658997626,1.1499631287350882,0.8935373603288347,0.5877136466124926,0.29026037341798044,0.01990906360197719,0.2916258649807877,0.5331638701487521,0.36753253904811467,0.33306144035430524,0.8273861237569872,0.9854699093207385,0.04122841701868283,0.5717090144095893,0.28864536751995445,0.7441765155423459,0.012172087223403493,1.095152798352613,-0.09565702421688464,0.26678947918954166,-0.1497945012355615,0.010641095715034498,-0.022204445330395853,0.7160042938223701,0.32438387322982154,0.7117204912513729,0.34011650750381583,0.012770114726167363,0.1805106473461349,0.14920043911279157,0.39312486446381856,0.3115772420799523,-0.09377108315129766,0.4274188533429787,0.26095241699344535,0.4763565142086505,0.47477282234210366,0.2904179074696299,0.321809642417663,0.30356306527582094,0.2732263375364049,0.6887399486986047,0.49506014967405015,-0.17626663527571051,0.3147105112618906,0.09042994654597826,0.4216174397306767,0.44482812282458467,0.45990949500575
1,-0.7704231280881996,0.5542283661626449,-0.7194110139594767,-0.7993838680125595,-1.0649221408399445,0.5245564082296595,-0.33725215141493636,0.00812011872157241,0.1877978195917986,0.0157148336640838,0.07305120269147905,-0.6495671112217736,-0.21415836034072167,0.14158767242798376,0.5854380560671772,0.46457204279169145,0.4608485987622536,0.22906126628701784,-0.7498794172029223,0.4018346847103411,0.23061321781521177,-0.37781271058123506,0.006901363826701111,0.43948342196271145,0.07711089947396028,0.34605445225146053,0.2937338884091937,0.2980285588438925,0.5934525397891856,0.6174387280689189,0.2223419408377239,0.45057517423560595,0.31650025341768834,-0.08888606444862521,1.1164181638845,-0.13523522224285964,0.48811522866900814,0.7523134806123113,0.2531544679294368,0.5011697616443134,0.4614736736881558,0.34346895513875597,0.09910132553272452,0.17950078258838792,0.1875149261385388,0.5794325996057645,0.42353094692658344,0.6090545099664043,0.15906065046458684,0.24658054628658407
2,0.23566745896346142,0.1403138931348355,-0.09143924024355461,0.10357585517724169,0.4267670859137287,1.2547801611404164,-0.0008133126250184933,-0.2026041969911735,0.3038644625776933,0.15581277518995507,-0.026127321267101402,0.03492744756360268,0.06466455603944408,-0.2956784468782104,-0.2540442523686098,0.03296915638377009,-0.014154448724841987,0.24145345904623375,0.3986663110075461,0.15197095476550015,-0.10747450061969507,-0.0036391831617240884,0.0068368125567074235,0.06703219859529641,-0.7040835125913706,0.09781144891225231,-0.3735898363263462,0.07822708145719014,0.1356305990933932,0.1323429621802551,-0.026304630178996414,0.15856020930949327,-0.26807645377491185,0.13443538354761114,0.44770425041334877,0.36631491957183615,-0.08277874676438456,-0.11149599651486392,-0.31797876028847594,0.21825854748873963,0.11209020363002724,-0.07756639326246365,-0.5389907544966209,-0.1700591105580404,0.21635093077203113,0.6080531114640018,-0.02077286354632628,-0.46721573430907953,-0.2930312359729953,-0.47624538041409764
3,-0.23320550332573453,0.00849343389304632,0.17788843813786867,0.03910957054450837,-0.10329829330511212,0.048008359724438156,-0.013788339029892798,0.01985687581917477,-0.6522686113494062,0.2279289979047097,0.01996597716263972,0.05133499603010579,0.7124389130470452,-0.000499385721796409,0.02654853631242617,0.025422904768714654,0.03811466757163445,-0.00996216731465085,-0.13003640115292858,-0.00013348868054178107,0.023038138774425287,-0.015940088587931805,0.0004163423860833945,0.7969350803327632,-0.4353163649993039,0.0364078167680207,0.041949786649514625,0.008572376473874094,0.009972606772065514,0.010541982928679841,0.0022840291455095926,0.019209308340371607,-0.6552125333977089,-0.008255061062988301,0.03410667207288502,-0.016933024893817414,-0.0591870748450012,0.03961438982728282,0.013318942941788446,0.0029384844702886304,0.013925975232185323,0.020184460029474674,-0.3727266606339938,1.0313662912567039,-0.009539058580645337,-0.5424886731590729,0.015852213920772434,-0.18870812724964303,0.13367076481964882,0.09403063133690388
4,-0.13998784974047826,-0.12380780803477041,0.24060648236062668,0.14144617087518177,-0.24592411418793156,-0.14695274532510816,0.02155683456186801,0.05127873909636596,0.3738305129024322,1.1533572215667915,-0.0029789068866269536,-0.40282845033246406,0.548940189655073,0.04216202305609803,-0.043195816559513864,-0.0433537089022875,-0.07910350909002702,-0.09661423900121804,-0.46336743913138273,-0.0805286931084746,0.01252109815833498,0.042422686343616935,-0.0032651957812273647,-0.264095381706772,-0.33969650667738815,-0.03921207151376119,0.03706299548476174,-0.08452290874756022,-0.0901929248320782,-0.09822440882459132,-0.036013709351477366,-0.10008224332836509,-0.4541900632196891,-0.01713220166077992,-0.2225606490980247,-0.10104077089272724,-0.08483806643200383,-0.05781804200404745,0.005743011049165125,-0.14834884949969565,-0.09817274155019153,-0.025159521002747164,0.37558945432122154,-0.15192447543116333,-0.07357921910005065,0.6972046513852789,-0.03335283909867539,0.3660573794307313,-0.08657021898301435,-0.14654997562410407
5,-0.3455105208046334,-0.18671746339060183,-0.3074577342437666,0.2354483117762255,0.484343107753694,0.4442010021920426,-0.03680279602587357,0.06986636109318957,-0.33019326940520677,0.03878677689612054,0.19505567724516418,0.02071473459983248,-0.2797595819632845,-0.3702265544054714,-0.20225612016059766,0.019142606471778453,0.26260426223538047,-0.15726756182304955,-0.3237359737483321,-0.08466514831782113,0.03921981399597175,-0.023519126621156954,0.009567382761091526,0.028001134644411153,-0.2986804435910315,0.42179844729014115,0.09259321550986263,0.007121294080350538,-0.12804095351271366,-0.24974772066241951,-0.14717750368546534,0.07514468195143621,0.20079284889375337,0.00943108265185014,0.09254232323083011,-0.0690685702904094,-0.2584738003567933,0.005065341121147717,-0.09953180547817879,-0.11032587152319215,0.007941351527010846,0.01584947484664472,1.1238414969230586,0.14676141483075225,-0.04091944302923252,-0.04687039023489725,-0.045930795482842506,-0.2934534881297941,0.0696876239932533,0.3734514749116031
6,0.3284824209814592,0.06977163212588185,-0.4166929115314079,0.05799651751857125,0.23500351255548876,-0.363191352492535,0.028977716723280957,0.018262040387840718,-0.44908433600531467,0.8187469558814529,0.016507408912107863,-0.415035155126787,-0.29723453981327547,0.04725928539338025,0.1105049734411833,-0.006381043441672229,0.08296796263568072,0.02038901330923508,0.17830916848409264,-0.010589618715123802,0.0015665071664254012,-0.00628913100923305,0.0012801453130009614,0.508990434307897,0.4473594183369468,-0.03510869348522375,0.08371634445079545,0.06698863536905453,-0.01189388888413147,0.01603457030335565,0.042767017084554146,0.03522520030354595,0.36346894560668735,-0.017417359397819396,-0.004924269704097502,0.055721452684061056,0.17008555598885153,0.03366304439428386,0.0924392305232202,0.077653378006657,0.04426611088306993,0.026865891160066154,0.01693944954971092,-0.0018707947570092028,-0.016808291647487178,0.15733163712043746,-0.00591623574305052,-0.6610000661202662,0.1507505179960552,-0.6433404165447906
7,-0.34859379236327287,-0.18945079464947723,0.09601515105988687,-0.0031587956569480964,0.1233658878583145,-0.06028251851087014,-0.013599299950084081,0.08958492943984143,0.7533821515544489,0.009974423812394925,0.0936703424591835,0.22900798933381292,0.29371439040229436,-0.12264056987646367,-0.11228713037142792,-0.007193869931804625,0.06219107075276739,-0.16299591148149353,-0.22178020880526023,-0.10434446542991642,0.04774942377636467,0.01350664802456458,0.0013002253308595775,0.8647368204435032,-0.181543374827507,0.1781351303026015,0.09812359071949155,-0.07312059772910717,-0.12143830949095986,-0.1834779135901926,-0.0967435682054085,-0.04521732920356401,0.8365799500252245,-0.016839662341487382,-0.12761787499938035,-0.14397209796613347,0.12902380587497575,-0.016891289201391813,-0.03451783330310549,-0.1849441240578946,-0.07666865149007526,-0.00037073532568502677,-0.3609626303434499,-0.20103495089717938,-0.0880260607969743,-0.036867971501660914,-0.03268338104803546,-0.04237418061216806,-0.08963301679757626,-0.04778898549313098
8,-0.03371755858096823,0.009324913552998536,0.4799200739868085,-0.38648534540665674,-0.15885675307775493,-0.059844637991609696,0.014825468706678143,-0.09580470517871081,0.17059134851206337,-0.06261353854539,-0.04738450559416686,-0.4327371867176159,-0.018225430485025527,-0.10206536980372646,-0.17384674344327808,-0.010657659322601773,-0.11743849571009524,0.09430733690553797,0.3920698662282769,0.04599443317458395,-0.05886561142226474,0.03259559544301484,0.00011720411073884032,0.6397407721091747,0.20972741596762565,-0.022214164698465804,-0.2234223642594751,-0.02774897133971103,0.03783509574879575,0.044014452910497964,-0.028723067786673922,0.007004977231208735,-0.3361255007251579,0.0705193559433368,0.09724586858369118,0.14816547959693616,-0.2791521066244262,-0.11344682881493795,-0.19071205662121815,0.024911923296198055,-0.012679738904019633,-0.0705971440026606,0.338661760212291,-0.506670063052705,0.08430800912209926,0.04244974955098753,-0.027992731104386936,-0.20772422741687424,0.650642724548108,0.4745995043555042
9,0.11716472769338694,0.09985699733738927,0.23514965293903797,0.20523968913133975,-0.32377447477138843,0.13366809918063458,0.03709849169320486,-0.07305844037283729,0.06644818367421576,0.12176181665605566,-0.1300744165111035,-0.32757437049195287,-0.06919152354450571,0.18477208103861004,0.06872173409026881,-0.04236850388672438,-0.1824961546121794,0.10971360528280291,0.10038803503484388,0.054459651726523776,-0.05670272630738745,0.03072065721303588,-0.005101835588498813,-0.28498767282922366,-0.6532987127282992,-0.26667447336129907,-0.11692688960389107,-0.005387200968239867,0.06323099631593161,0.1263690711195663,0.07675144371636468,-0.0539180091675643,0.739728874316813,0.010560669489489406,-0.06874278850136245,0.07624767124277941,-0.042024614491990825,-0.05527016546152766,0.028977796962988366,0.07241127814725407,-0.01194989276993555,-0.035442758272598136,0.1386089190472521,0.2755687743278247,0.04561744032806261,-0.32964658801888447,0.003960849434149096,-0.07721758815975482,0.49287146259297027,-0.016183891145441304
10,-0.2826173583322811,-0.02519326685519958,0.17851633151971488,-0.0780227472823217,0.30864807569144415,-0.09646406650079857,-0.02341607146596444,0.02864475409966178,-0.5400662730087767,0.20263533392191546,0.055623482050788084,-0.11286106099117572,0.1153673454214656,-0.05790233699309428,0.03291470819407134,-0.001986923570623505,0.12529104638994237,-0.054514358713521706,0.06457563189325417,-0.009311052011127485,0.012885716724007385,-0.030976661859792066,0.003428105453328138,-0.36247299928711607,-0.1834438289247976,0.10969394422513723,0.0908312987632997,0.03838196203890874,-0.023994147208457,-0.07018481088552132,-0.014560249394867518,0.03007337598646078,0.22340374064995408,-0.02608220260723488,0.02018553812426866,-0.07613114680758803,0.19506436143312458,0.05331189607087024,0.07702440515378475,0.005986260007197416,0.03346900263004107,0.03663063652388941,-0.6010949506337979,-0.36879948816721164,-0.01519857472502632,0.24935987669624382,0.006854654199880349,-0.14261649551412295,0.19676790572030603,0.6115458619068591
11,-0.4071042397558088,-0.011878430642630453,0.29589677734175396,-0.14542784074060774,0.0866792107057994,0.5013072390294204,0.034638084295181774,0.014935103579744934,0.19193227809259808,0.2488451384134497,-0.02724405950526882,-0.2037416391653501,-0.24467477856427108,0.10446292865960803,0.0902095950703006,-0.07300697655808376,-0.011750967788902571,-0.033744883217517375,0.08331289601764795,-0.032022317441035085,-0.02595825206752546,0.01933387504120616,-0.001228820632990305,-0.1399085945542334,0.5766469543103725,-0.11354018807750617,0.06409163741273093,0.012429569693070722,-0.05437994995014991,-0.0545918272916023,0.02992953578530025,-0.05797192182452126,0.1112217758979244,-0.03547094161812723,-0.18306489927932418,-0.057621571652606736,-0.4403209462306037,-0.020527326408705866,0.14052790618327587,-0.004783850298308516,-0.019849316870856424,0.00245644180273431,-0.20499340130614693,0.41400422303502293,-0.03703596216151218,-0.03379619542484165,-0.023428386968337347,-0.09404635544832002,-0.18463226489625384,0.11323084475396436
12,-0.46013073268382293,0.053996378752444854,0.6176167938540833,0.25052058169152874,-0.1822395002499266,-0.15578085356078428,-0.04842114285103766,-0.029606880405408875,-0.4184362883310844,0.07774230267800493,0.0016196197389734745,0.1528906546847183,-0.14560819272719536,-0.05999076329543992,-0.05709447028825049,0.09252610080322295,-0.015467345974445617,0.06698319137635246,0.16948688342819168,0.0646963968909674,0.029259316063101483,-0.031869623678565585,0.0001838469062900199,0.08689222088078563,-0.016747414871661166,0.07834936820185606,-0.08155152134992523,-0.008469711797150822,0.10228672828341284,0.11654688810572279,-0.007047813399336068,0.06577238101318747,0.15997919180656814,0.03554048062672263,0.22785944670211505,0.06063700798073342,-0.11367606834837612,0.046397503824868506,-0.13488203574636548,0.03457599791715377,0.03481554588877751,0.005829457731671857,0.14997858447335533,-0.2640039263040643,0.05663322191514914,-0.09656889941711486,0.04880570220854998,0.16346753658270613,-0.43301781944497286,-0.38921238796088875
13,-0.2329584325561158,0.09978286832240597,0.10940830167040914,-0.016383943488441917,-0.006245663852589408,-0.041808895816862646,0.050410465701882484,0.028425362227199772,0.018143196190170605,-0.0012394667762092903,-0.10528633618865244,0.6034830165124324,-0.3707260653376163,0.32755577751559567,0.20910344768233055,-0.011225476012279665,-0.15516132194329932,0.04660065138754722,-0.043152245896708026,-0.012923650149161706,0.015941066585667976,0.0305864938114692,-0.008353360522129162,0.19021372616495005,-0.2256607496167242,-0.31369459637813074,0.06334855314673991,-0.020137230709099903,0.02690344903417356,0.13840040343228827,0.10840379949121326,-0.08098156661825974,-0.14214645368445203,-0.03566419262768107,-0.19131359754237162,0.01131849575439037,0.16365071919224455,0.01796882988671817,0.13047278176564495,0.017371337245282965,-0.03877122875087771,0.007666355356457086,0.15699472097720332,0.0729356481737808,-0.05260529200809693,0.46933984068132073,0.020536770997256183,-0.34313506811763256,0.07257859672505088,0.13629709984359215
14,0.10483628794020654,0.03487859042160674,-0.2382006542860476,0.44249903388356665,0.16645757065756753,0.3786205147393187,0.006638670892003924,0.03735610901288273,-0.21879629528422467,0.11239741246877977,-0.07190195752073184,-0.028648714776273062,-0.13606047066911023,0.240112083875045,0.14203910070319067,0.00873143359201635,-0.12398683322024646,-0.0025493241937464364,-0.03296730294856199,-0.008322855727395809,0.03286885211820284,0.009399983034517868,-0.006827660743307841,0.37141552524935817,-0.005071812188671957,-0.19168582358012137,0.06274308364070268,-0.04490923198459237,0.028179155494338044,0.08996728059243905,0.06344686443011804,-0.07511094284622308,-0.05451621606530041,-0.0367854762328776,-0.14240482091594434,-0.07413820160974123,-0.2042568225787068,0.03929225184489543,0.09463891510867546,-0.03611599020721976,-0.04460533810111745,0.015586196397148467,-0.10449886649681121,-0.3952469054288499,-0.04855378159517605,-0.1499273508236461,0.03551538871101507,0.5500853218463464,0.0899527001803558,0.13643701354477095
15,-0.13350840944125858,-0.1539510125985036,0.023060412859461338,0.09841490820362137,0.07017083800217315,0.014386173126804028,-0.060378621307068156,-0.048850425948512084,-0.015278248318394309,-0.006281841975045865,-0.021135385211564082,-0.1276545403894981,-0.3371576890826043,-0.12613776950601469,-0.19578710511244918,-0.036776382321169254,-0.09665274936596592,-0.06571180430210868,0.32580549160602496,0.02680786884425434,-0.0353082898898008,0.00028931227344042515,0.00030858221874247564,0.08638569185880425,0.02252733908340209,0.09671563209269475,-0.13920577782768573,-0.091775809594756,-0.002156066365567692,-0.10428173620700415,-0.08694352989512645,-0.06709914112471561,-0.043610600976188484,0.015745440082971962,-0.020527315102921658,-0.16351019642325398,0.5082766329738589,-0.06565823228053344,-0.09313105554303881,-0.12488602973896783,-0.06194556239329113,-0.04188829056108515,-0.04142274701844553,0.3705137715375695,0.04284353934644594,0.23341646473766767,0.00021145787206417745,0.42200687776066004,0.18864488320414816,-0.04371678795793903
16,-0.09101589333597773,-0.0070250714478049744,0.22565671247063732,0.22161895944969098,0.1847921101853189,0.06440398695909058,-0.017423691332963696,0.02136797587300754,-0.0883003238150858,-0.3967198807299215,-0.0013436008616181084,-0.13747539894305089,0.13255762425564813,0.034331815073137165,0.01593829110628934,0.02797855545285832,-0.019647242541434785,-0.01502135612807988,-0.40587665747447965,-0.0015136946213286612,0.028257722631100966,-0.008063313878321312,-0.0015480669553394866,-0.05314160779110022,0.17446653518632688,0.00246840982703421,0.023819801406415365,-0.024320945167757974,0.01634400161480025,0.024279868171067927,0.0013022336581961053,-0.00950746465439135,-0.021225238031572603,-0.00804021263910521,0.0011481751218931436,-0.0410579963572201,-0.07530918697958297,0.030356934815754754,-0.003416332077176362,-0.031170223061484537,-0.012788787023601332,0.01125440059687716,-0.07053344141236206,0.012807594692535553,-0.01532808056751595,0.25976338704124363,0.021564887027725518,-0.06693373427595192,0.4410076294022063,-0.3934400434633324
17,0.13279562465664818,0.030113319195451,0.15294098358862107,-0.2963663663980178,0.45476040324719896,-0.03775550486275425,-0.026454974964257756,0.08836469037257823,-0.02326375616824508,-0.08026220675353266,-0.03413962856917747,-0.26686073114272846,0.048333247179137055,0.19467343089143765,0.03118158063757235,0.1659781985856626,-0.19125766625409715,0.01834998449731209,-0.06510481308625712,-0.023366431288695005,0.1392914721313422,0.008395985958010537,-0.010381181645085885,0.04419619711912723,-0.09990712577742664,-0.08811991813803804,0.02898741099017371,-0.13830850975238002,0.09049419640808086,0.22137538212616528,0.02366020621940213,-0.035368995832153236,0.06305371794351759,0.011267757973622275,0.03312668841905059,0.012204800458473247,0.10998269602316171,0.07923267443552967,-0.16168596811914682,-0.1284105371527567,-0.08480509247626919,0.010466325194793824,0.12947268846959362,0.08243709477979647,-0.06972011325616741,-0.016629402137743235,0.07703316055673423,0.05195859535489327,-0.27663255230815975,0.04396859342770016
18,-0.2220360576633169,0.074501655985896,-0.06799023317599677,0.2652934789864519,0.11453410959279753,-0.05898372703794338,0.037187439863904326,-0.0014565356290474518,0.2060510815649666,0.14530621565117757,-0.005728191041658659,0.005013317639039681,-0.04094757707261107,0.005669121215910973,-0.04661431981845889,0.0723359875513572,-0.06669772413917298,0.09266550751261553,-0.16044626540448223,-0.008151396980762681,0.030207629035371025,0.029621915884045325,-0.0024290694417972557,-0.09851487027891509,0.1538457070585291,-0.044210822492305804,-0.06860627444794343,-0.019438595242098594,0.036003745064446195,0.1313378730969953,0.011948998652005223,0.04016232666007979,-0.11693173717460725,0.05300590833029267,0.10184779872528725,0.2119169466591899,0.24935823259936682,-0.028874994401113116,-0.17252896796120853,0.024023847605712613,-0.007993919203221173,-0.027710513994286503,-0.04274988698701187,-0.03045200731617736,0.005272679315815577,-0.2639460460981972,-0.006784017796447217,-0.10389833449845112,0.06922046192725494,0.1118348749440413
19,-0.15159821469170542,0.04109431904548945,0.0762705087195502,-0.07246780255932576,0.18617464218405724,0.0071206937292542525,0.02915064200883002,-0.027093294410677173,0.10991823256689516,-0.05893780277336282,0.004566188474432255,-0.1560282226359813,-0.046901712052943696,0.013047406688446847,0.1330860461944427,-0.10950907192509901,0.14370995532485392,-0.01205191183496372,0.07331212130808946,0.01139147450552722,-0.07482797814229537,-0.015540792377667789,0.00497272055214856,0.00020126478986624366,-0.1583812204915585,-0.03743552427181691,0.08168413251090186,0.12211240932921416,-0.05310597653118647,-0.1050980927767211,0.044003026463278874,0.014403941933626176,-0.16489006750737661,-0.04581149718755388,-0.08368501048721937,-0.037286905306804535,0.17356663959416385,0.005084989808821804,0.2367641761855514,0.12228821907122428,0.07261845132360327,0.026394419651625752,0.07174904626407023,-0.12078674599213429,0.01322785337833862,-0.19086918650720697,-0.031116643294668407,0.011895074670485927,-0.010458130355483802,-0.16562790395657728
20,0.009134899726623692,-0.004968559103202043,0.01738844220082729,-0.039891902172156615,-0.05259116342360503,0.19314853237117244,0.004039461305184183,-0.10173363388669868,-0.14107374665246597,-0.019406913379762608,-0.08301612534452746,0.02889894110769678,0.24221375064213352,0.005063506227504512,-0.030258572877325238,-0.10770779254737449,-0.07950503182891139,0.03604088116208903,-0.09152041277099886,0.06153427419279774,-0.10495757740148946,0.010755054790631149,0.0008473321626140237,0.0315619511608501,0.1755576585351331,-0.1032538030945414,-0.135088479710705,0.017240781426023664,0.0120706987888091,-0.0429816919239897,0.010502065893082155,-0.04885719690680766,0.11067801394151222,0.003180223773918823,-0.06568601099176569,-0.03909215079482169,0.26366118778620196,-0.08178691214742567,0.06403028561161252,0.05173801510137288,0.005262710871917202,-0.03754755430765611,0.1427464879888745,-0.05853255260540611,0.0755837962458134,0.005521699966004279,-0.0204797964237138,-0.036977823163900386,-0.10426673046659145,0.049710094044762475
21,-0.12943616814793155,0.011698985183108364,-0.11306107165320431,-0.17863894094650723,0.17193416015812535,-0.04558599531020816,-0.030740726665602038,-0.04694377366826582,0.005221798771276602,0.10530161942849164,-0.043066017922289986,0.19543037137402688,0.11835418859152697,0.009947365865789667,-0.015120794311220143,-0.004666257306415077,-0.053956169529147044,0.02671440471226872,0.07872362554265373,0.05597850775874995,-0.024092861357197983,-0.015062350658306592,-0.0004997011469738924,-0.06834939752973558,0.0206684811260036,-0.022064936902969543,-0.07376458615301781,-0.008153710881316051,0.05412749352558175,0.03192281150521385,0.006113845524437887,-0.009394334113447946,0.04535104232347544,0.00363132772486436,0.0456503559709401,-0.041839949180301136,-0.11349563540618743,0.002291755432778853,-0.0029385021534119845,0.01842822968255862,0.00872844768790268,-0.005823452341763596,0.04381244749588234,0.0032690146548570685,0.047757555375150494,-0.04883869797328962,0.024713734339664225,0.11737865810193035,0.17097343868987033,-0.10856283275402975
22,0.016691332415809286,-0.03629959039575619,0.03986168698320949,-0.15209865436422104,-0.1135464478155482,0.1828341885137653,0.01581074284854855,0.08781378261004007,-0.05387641355144541,0.06258800983245641,0.05119494642527106,0.08179315631596401,-0.02607328654633999,0.01730770294019201,-0.006713696717945186,0.06247412869789663,0.005467407829435118,-0.0495699240726531,0.006562727633400991,-0.07747235940885755,0.07748338063085947,0.018315187860823347,-0.0024442236839757182,-0.05236444287485617,0.012307259329296029,0.03914037917958848,0.09173950073561433,-0.050616749048757875,-0.04422120990116198,0.005955896462892876,-0.0190409143653602,-0.005707439566751714,-0.033101616019350265,-0.0007313814217330363,-0.03911221212855892,0.021583922901474244,0.12279913246576801,0.02027102447052418,-0.06913140526590113,-0.09334258582479381,-0.04832106779656928,0.0066578284499810726,-0.001819431090110123,-0.09185400363289933,-0.08099451568118937,-0.10966358572796352,-0.004567287723017806,-0.019866076585103688,0.1041015953067996,-0.11266977715191538
23,-0.11086626150535317,-0.007260100223446121,-0.10167593207570175,0.06221116280167576,-0.039948279884904944,0.005518069361696524,0.0007152682260394574,0.03180206183765326,0.00391597710558094,-0.06667077833487678,0.003201460657794529,-0.06044888473580579,0.10986166247962056,0.04111453601087989,0.016973696401917895,0.023374211850199358,-0.022593066467820354,-0.010268624666662448,0.15079567966944427,-0.02191077350045912,0.031672618659412385,0.004149026290821464,-0.0017724509425864237,-0.01974446876696228,0.003544259634725063,-0.014991669199211771,0.03345933855930059,-0.02523750391173643,0.001992864742161779,0.02622521539888414,0.0009235792602951338,-0.01127111864881727,-0.0015693779348463599,-0.0025337328090941414,-0.02726462725915609,-0.006720647361378986,-0.0020884330549148173,0.016494439218174988,-0.010365984960536553,-0.03424735192964297,-0.02019749971743908,0.008399896449274403,0.03215524982918862,-0.013253353850664618,-0.02889102763223114,0.03507017395774867,0.009328368398633042,-0.054363110974736895,-0.020403277815448807,-0.014199693419055054
24,-0.015947708615548655,0.01693257322560421,-0.011642987290819114,-0.020174116016067754,0.002704897449140504,-0.005180901922894842,0.03248144857569929,0.006970116399644093,-0.018690601739191934,-0.011182055067353359,0.011640689972242305,-0.004712121548397861,0.006045003985257762,-0.006086098854526091,0.000910696509051754,-0.005189160347330542,0.016080619783527227,0.013373926078935918,-0.002893116603230519,-0.023764074996937865,-0.0030418943479318156,0.017855723880187576,0.0002933230652979536,0.009393734502815632,-0.001401807449284438,-0.016846256604401044,0.008505021012984289,0.014564908143583242,-0.027825003169764013,-0.003194688514549718,0.005433488846014604,0.010574635054568049,0.017385474640231106,0.00849851871239891,-0.01471560870975221,0.07469489335932601,-0.0030958194861063987,-0.024046068291040577,-0.01558163923904398,0.01602404991797394,0.000424258933274862,-0.009859344897445579,0.001531892692380053,0.012673400202944869,-0.012476336104881768,0.023381754870249242,-0.0242983788270501,0.03899834732918227,0.0004400809202614948,-0.0028911388815487777
25,0.0005180888707672199,-0.021331576061918815,0.0005886336715150718,-0.0010524849457726692,0.0003524673513041791,6.958826427606507e-05,-0.003901819674798535,0.005441041584096928,-0.00027410953655329266,0.0003310381367109311,0.004603885420146628,0.00040234258279107764,-0.0007791323586787048,-0.012963956750261121,-0.00566529131883046,-0.016233753882269306,-0.002038072954189019,0.02065069932184161,-0.001027679137207992,-0.011564380520258351,0.00542509440377886,-0.0035025070092463617,0.0011629400135086615,0.00016944206426928893,-0.00022931971508165873,0.0026637344453075565,0.0035334486471153468,0.00020811352696447155,0.026461011989212666,0.02222424276283607,-0.020325728746779986,0.007159323212518161,9.168220566210048e-05,0.017092697907729604,-0.02508655914119896,0.008713750398247015,0.00010771149474302149,0.002242877772447457,0.012810434772213181,0.004174537247990917,0.007138451117107375,0.0227748143975552,-0.00013855227041006813,0.00010280399407084062,0.0021577388293121304,-0.000166870031008955,0.005063848892124761,0.0010188590367390636,0.000307212044355105,-0.0002810974522185637
26,1.4152659114115013e-24,-7.345407605906695e-09,3.5192770176862564e-24,-1.1400293881808283e-23,6.82412847160199e-24,-2.5085201611352098e-24,4.891698637574116e-09,-2.2969335308297395e-10,-3.618169585390594e-24,3.700663638479883e-24,-2.5445073221098035e-09,4.429486567495509e-24,-7.390253271292868e-24,-5.687229410652749e-10,-2.644739313414337e-09,-1.9968782830618723e-09,2.132711634698566e-09,8.945776809474328e-10,-1.3630376236399374e-23,8.928152415510865e-09,4.339540475320442e-09,7.2664946603133615e-09,5.744140334940832e-10,3.721498466391023e-24,-1.234541223532817e-24,-5.1572541523979935e-09,1.0175120679302104e-08,-6.487064940107346e-09,-6.3815691851863984e-09,1.6088945467660266e-09,3.3911001340275167e-09,-3.2315017721686844e-09,4.433029379771746e-24,-3.7357619775320695e-09,5.438839810054686e-09,-2.595118335410688e-09,1.0714738658845655e-25,-9.318716083390611e-09,-5.0488649881638125e-09,4.4962795421394275e-09,3.6803378360079677e-09,1.567957035536135e-08,-1.564572710682616e-24,4.2168994066550106e-24,6.4185817875014045e-09,4.868827593072922e-25,1.530633887292606e-09,1.8420783861076347e-23,4.5579120930501125e-24,-1.9707541893085305e-24
27,4.6433119047195726e-24,4.579387434244734e-09,2.8610932182045788e-24,1.7798837540448643e-23,-4.264687971425497e-24,3.692003325552619e-24,4.3814168476348336e-09,5.547770498001361e-10,1.1544039236776071e-23,4.073652382285117e-24,-5.490470879857956e-10,-1.7918127498331785e-24,3.2613637318459284e-24,-8.287297587399934e-09,1.3276278057105891e-08,9.152403542711966e-10,-1.0879566495586328e-09,4.572712603330927e-09,1.213635153509714e-23,2.970338455555316e-09,-8.722842151281389e-09,8.160124393651384e-09,2.3753890909976496e-09,-5.395610352365131e-24,1.438110769791362e-24,6.366252049167537e-09,-1.7446482418581e-09,-8.570057383677677e-09,-4.993987281765316e-09,4.718013697861591e-09,5.371776037480549e-09,8.758524311065205e-09,-1.1268177903470007e-23,7.5070266986865e-09,-5.8438613318576905e-09,-6.372953713674204e-09,2.191645191089492e-24,3.5142236105640235e-09,-2.84557491265527e-09,-3.8657248654497234e-09,-5.6625426124712166e-09,2.0596356133837058e-09,6.437352686412586e-25,-9.723171334178555e-24,4.836451086951017e-09,-1.3072434294481287e-23,-3.765301578996791e-09,-2.9820953162456115e-23,-4.358567517540022e-24,4.376799931741746e-24
28,-5.537446410024137e-24,-1.032054111572299e-10,-7.707744652563936e-24,-5.050351585449278e-25,-1.914693326914929e-24,-3.7573499896933803e-25,6.0165068335226575e-09,8.696736474541062e-09,-3.484129761186306e-24,-6.526184422668631e-24,2.2077135972080228e-10,-2.59150940463102e-24,8.492106279703181e-24,-4.6860281819353114e-09,-4.310252185329893e-09,1.3749747583807828e-08,-2.3920293320074645e-09,-5.403589139381558e-09,6.039099063722218e-24,-6.802302860262243e-10,1.7110763783213584e-09,1.8663605129483725e-09,1.7974540457038115e-09,-1.8809279858354501e-25,-3.78558030430033e-25,-2.587956417307936e-10,-1.0896828120468921e-08,4.959114939558061e-09,1.7997111476488129e-09,-5.396992047152108e-09,1.0075804268040121e-08,-5.243848876890504e-09,3.390324968155493e-24,5.114471257143203e-09,-3.148439037870642e-09,2.6956483227805708e-09,-7.580294861312128e-25,2.3353341222652455e-09,7.645664948067656e-09,3.69271585965545e-09,-3.7530608278051784e-09,1.0681823104646365e-08,2.2236125839455372e-24,1.1781143169912901e-24,2.4114002391657383e-09,6.667635839846068e-24,5.45711190684622e-09,1.5530234855103328e-24,-1.3895177883741078e-24,-1.299184902110893e-24
29,9.51619752957153e-24,8.265513187672436e-10,9.79179938300083e-24,1.8957592036998493e-24,6.047372559889724e-24,1.7535428535448053e-25,-1.0720951137960141e-09,-1.1846185268931928e-09,5.5816712985439355e-24,9.559355271742079e-24,8.42046830205919e-09,6.0867620641804274e-24,-7.305124441222017e-24,3.339106703538075e-09,4.327282067310046e-09,1.4588462134090992e-09,1.1658263276341444e-08,-1.1113165154632693e-08,-8.314155852546432e-24,-5.826978651341201e-09,-2.169847948132223e-09,4.359935081498964e-09,3.675884543658391e-09,-2.6870032792178194e-24,2.152918980440498e-25,-2.5465864589207236e-09,-6.184161125738127e-09,-1.2567076440237847e-09,7.095571105104554e-09,8.318061780113688e-09,2.387674307284824e-09,-6.461779966492806e-09,-4.596806584396439e-24,5.908908664844979e-09,-9.130910193219581e-10,-4.102834365428726e-09,6.5896246832565175e-25,-1.0192429042541135e-08,-3.3615338563877514e-09,-4.294967351653961e-09,1.0726579490988985e-08,-2.1624326389267668e-09,-2.944056485093562e-24,-3.357761465572727e-24,4.158645350244331e-09,-1.0500782477173823e-23,-1.634346882968259e-09,-7.431620721980989e-24,1.7231527286679767e-24,3.2920666944054384e-24
30,-2.5336870882373923e-23,-1.5290948811698563e-09,-2.5842518839073e-23,2.240827401645574e-24,-5.008453311079646e-24,-4.5322318049409895e-24,3.9490695027680815e-09,1.2719163796442704e-08,-9.082071935208125e-24,-1.9259731147815117e-23,-5.39838741214512e-10,-1.738605843399475e-23,2.1533103336524403e-23,7.157093419376684e-10,-8.53427145565526e-09,-5.70608932587419e-09,-1.7254025945450769e-09,-2.0150798868314265e-09,2.2447847054140017e-23,-2.0524761830346017e-09,-1.0097248222247425e-08,4.819918556706819e-09,3.129493410443332e-09,3.984913302059587e-24,-1.7868870302538477e-24,-4.132420517390532e-09,5.1268174503224275e-09,-1.145079291890614e-08,5.8825542290369485e-09,-1.1978740032582737e-09,2.9443750557496954e-09,1.3404381481748e-09,1.0782237777973865e-23,5.166469262426481e-09,1.1379060824967391e-08,9.214693815385017e-11,-5.312805594284775e-24,4.22425671386138e-09,8.750021123255851e-09,1.5859596916794079e-09,2.5619755032456434e-09,-6.131600479667203e-09,5.8810395467780506e-24,6.838149557931136e-24,-2.895118615945621e-09,2.1422336315367575e-23,-4.145808630416853e-09,1.4350113508196656e-23,-6.4821726984629886e-24,-2.682748755528546e-24
31,1.565839639794888e-23,1.2829579797566514e-08,1.473097957935391e-23,1.797056266706931e-23,-4.772310251217035e-24,1.1554384100170344e-23,1.235966453687762e-09,7.350021698616363e-09,2.213682911616553e-23,1.3155188594223448e-23,3.86408974852413e-09,7.511332576102802e-24,-5.7820199000385256e-24,6.301296431439298e-09,-8.254171825040826e-09,-6.049116187739367e-09,3.52245001563577e-09,5.173595336803492e-09,6.457339628496058e-24,5.755518569400066e-09,7.918430657499702e-09,2.0893992432917906e-09,5.9428190902384e-09,-1.612338143083372e-23,1.5113329592415543e-24,4.1066708593042876e-10,-7.788604167395509e-09,-4.28088955017972e-09,-3.3875840457158257e-09,-5.3190424689579744e-09,-3.1904068333730917e-09,2.635972214180638e-09,-2.4148007701995504e-23,2.1883214014407145e-10,-7.996847544502623e-09,-5.534042540136499e-09,6.895045313798957e-24,6.544151395340005e-09,-5.710037678160776e-09,2.401884565037668e-09,1.0005034326775957e-08,2.4724380160602753e-09,-1.9643264751401515e-24,-1.870062619523613e-23,-1.8817142105455778e-09,-3.1736156113254623e-23,3.7198688546698833e-10,-4.9893260080826685e-23,5.114637132096175e-24,-3.6888243669384906e-24
32,-7.246682833713997e-24,-6.546690387428956e-09,-2.487703882285516e-24,-3.062941040972708e-23,7.475398905073061e-24,-8.681839374920201e-24,2.193456660336881e-09,1.1053775182884749e-09,-2.4522659264977606e-23,-5.950940227690521e-24,8.235086449634063e-09,2.193431801163145e-24,-8.001861738810871e-24,-2.2467315186012056e-09,-4.781375277767293e-09,4.335531884347374e-09,-4.283131273388405e-09,-3.7503592608424395e-09,-2.1829484666315994e-23,9.655313716973063e-09,-1.6124205403774574e-09,-9.510925991170384e-09,5.126081703833461e-09,1.509474431677812e-23,-2.3597185993968352e-24,-7.044618791717795e-09,8.156669116860092e-09,7.70841133555138e-09,2.7861565514714517e-09,1.919720996901153e-09,7.850004695844938e-09,7.686712448891475e-09,2.4465581670976655e-23,3.4901259157416265e-09,-7.495901235802757e-09,-4.476839079413481e-09,-5.534929436650663e-24,2.2126488423265026e-09,-7.623047509390388e-09,4.354055308736241e-09,1.6895222908719992e-09,-6.8738090948283986e-09,-2.0950552640070806e-24,1.9050580717144213e-23,2.390902283456292e-09,2.7495701387897124e-23,-5.800508727517016e-09,5.849117727830125e-23,2.4181553457558494e-24,-3.344281336411289e-25
33,1.010627464236164e-23,1.0372535473255769e-08,9.363503121836743e-24,-6.1661700944861445e-24,5.035884234688e-24,4.335576153777243e-25,-5.3859482459542235e-09,-8.598875986165328e-09,3.1077297845713807e-24,7.567949553119941e-24,4.0950344849353816e-09,8.332049150383333e-24,-1.010592416473389e-23,-2.7544933083926104e-09,-1.0420209164752715e-08,1.0747819015267339e-08,6.9392610874435396e-09,2.1934322240965465e-09,-1.3441213741428494e-23,1.798578901710541e-09,-1.4907969567103295e-09,4.345545790940108e-09,-3.3928176951836933e-09,-1.5244112272222185e-24,1.6353732134804751e-25,-6.763191704041631e-09,9.498653035540713e-09,-6.056534726018872e-09,2.3055111302069403e-10,1.9369261405798136e-10,-6.484933528370621e-09,-3.5185609742111375e-09,-3.1179332853803114e-24,3.970170979006886e-09,-5.124758411320735e-09,1.8397612417340485e-10,-5.137862612480039e-25,2.4753873299782617e-09,5.924397031349235e-09,-6.901157994780515e-11,-6.653417808187759e-09,-2.814892983659964e-09,-2.6265431691457158e-24,-6.538158992700956e-25,7.901132504495344e-09,-8.083596319442837e-24,1.75234546034518e-09,8.156159521859251e-25,4.9766564314014855e-24,-2.447208251136053e-24
34,-7.076922210142588e-24,3.842307379017922e-09,-5.2615337209929605e-24,7.962620343489929e-24,-2.1765053044294846e-24,-7.217335746167457e-25,-2.7728298589751613e-09,1.5864616578703723e-09,1.6179409805732731e-24,-5.172489883715579e-24,2.9326667207272583e-09,-9.341410626830121e-24,6.199055979889647e-24,2.3184274982162866e-09,2.6003914801754855e-09,-2.4589379050240853e-09,-1.2447679423627068e-08,-5.700115104721357e-09,1.0812403482746103e-23,-1.060506894372968e-08,1.0518690100558547e-08,5.421835913957165e-09,-2.3810893582463425e-09,6.773856862526063e-25,-1.937914909986358e-24,-4.655456972497768e-10,2.7770388437591673e-09,3.7132376334700246e-09,-3.010046831183791e-10,-6.221275644092908e-09,-3.814695269515073e-09,8.418665297126444e-09,-1.2907738728402771e-24,4.776031925344753e-09,4.223215564908856e-09,-3.2013412912430976e-09,-3.8279208975203853e-25,-2.371377040838018e-09,1.4107028115508245e-09,3.5795517934885205e-09,7.314729502254859e-10,-1.0534805998207641e-10,2.4842409405781784e-24,-1.7692298578245557e-24,1.5423151727106215e-08,1.1776569258316685e-24,-4.787170639197791e-09,-3.946787085799414e-24,-6.150914920659958e-24,2.1953422907717744e-24
35,-1.891996666693826e-23,4.67303247065773e-09,-1.2925272865521489e-23,-1.0570991209680694e-23,-5.021544039540064e-24,3.744645294530998e-25,-2.5177466543504295e-09,-6.006428691755156e-09,-1.4854703207216928e-23,-1.3646927938134858e-23,1.3302978053450168e-08,-1.1824811899522476e-23,1.014203451611537e-23,-3.4755629200808384e-09,7.73166920194793e-09,-4.710113061523794e-09,-6.501117901280235e-09,-2.4335787178046103e-10,8.921808906202975e-24,1.0476967667707625e-09,5.87329876288792e-10,-7.239400035524486e-09,1.536378895404727e-09,6.46912041589058e-24,-3.0819873822060655e-24,7.824273093810722e-10,1.8966699503082524e-09,-1.1005585736141835e-08,8.420142648705871e-09,-1.0184765697810964e-08,3.917903993994662e-09,-9.919640452820733e-09,1.1664134530175861e-23,5.35673478454531e-10,8.955816460509664e-10,4.9443992200905455e-09,2.0538223875321928e-24,5.52671655221544e-10,-3.1896935685783193e-09,4.606700365210143e-09,-2.614781712116282e-09,6.167876103562985e-09,2.572065388721192e-24,6.357017228523321e-24,-3.5770614554139787e-09,1.8684162543127786e-23,-3.6791753773544847e-09,2.5239319271266337e-23,-2.223167872019801e-24,-3.326184115206995e-24
36,-1.954094333944892e-23,-3.816289072446899e-09,-1.4668930631931904e-23,-2.658776526527381e-23,-1.3173724237961632e-24,-3.502637827699633e-24,1.277370702254125e-08,-4.091095028094394e-09,-2.3416977659568e-23,-1.3270708516897358e-23,3.4038430022114497e-10,-3.543800132470483e-24,8.722141615171921e-24,3.792736888991461e-09,2.095599972180477e-10,6.535999052451989e-09,-1.859835619929407e-09,9.273046779592812e-09,7.222601995059229e-25,-2.3409310241053074e-09,-5.099840338913428e-10,9.11141219570746e-09,-4.3827910609893036e-09,9.059275005012833e-24,-1.9996869865831487e-24,7.153156222340233e-09,2.7759591309925763e-09,5.886990858628579e-09,6.666908025741305e-09,-1.9313980947807285e-09,-3.195474000274327e-09,-1.1487189339128713e-08,2.1086098211613367e-23,-1.248644126851779e-09,1.4827198188172415e-10,-6.400117231202589e-09,-3.585245854868293e-24,6.478555390981191e-09,-3.231600466020426e-09,4.240748815771136e-09,4.546498470965923e-09,-3.31247756164056e-09,2.1268693115166068e-24,1.484629963745809e-23,-3.715980020352413e-11,2.8168455001757765e-23,-9.917264499729787e-09,4.4698053128259563e-23,3.437385301621122e-24,-5.411175764579359e-24
37,-1.229067482667273e-23,4.892067025547245e-09,-7.363102894052283e-24,-1.4059616072782213e-23,2.5539733482884556e-24,-3.457660185959411e-24,8.250647333110593e-09,4.89500697911228e-09,-1.4392872465291085e-23,-6.831517143082399e-24,-1.9184830302421077e-09,-2.8326279290590064e-24,5.399153853715706e-24,-8.114231721757315e-09,5.5096827846214005e-09,2.269631877605824e-09,2.486100974219438e-10,-2.24599018904364e-09,-2.5287077392794824e-24,1.0569000920723012e-08,1.0742359475456772e-08,-3.049686868304705e-09,-5.605204396516944e-09,7.554945688556928e-24,-5.413612127747028e-25,-3.841850303584381e-09,-1.8738351818611107e-09,-8.041579580883398e-10,3.336987639994175e-09,1.490877947802476e-09,-1.0378747300946356e-08,2.950807643595938e-10,1.3811871817057285e-23,5.774682171522234e-09,2.9049561112622484e-09,-5.159630331897664e-09,-1.0889611799767401e-24,-1.0668958113772998e-08,5.6178598919051355e-09,1.2903497524465264e-09,-2.9484792855224847e-09,-4.3948936223759575e-09,1.2949240086047995e-24,9.3715757754249e-24,-8.782629591514789e-09,1.759704510727847e-23,-4.620986108771921e-09,2.855571237409071e-23,-6.232833718745753e-25,3.483581318300298e-25
38,3.1821253298319336e-24,-9.106197307354005e-09,2.403479357266536e-24,-1.89182944710123e-24,-5.382184824718229e-26,1.4207786595293714e-25,3.7030886333547523e-09,3.839904377516849e-09,-1.1888029104137938e-24,5.4669570463623425e-25,4.708741913855538e-09,-1.8679681248917709e-25,-2.286444025592772e-24,7.509735445253178e-09,4.7382687275394065e-09,-4.3581986963406536e-09,1.0735023974962915e-08,9.872359349072545e-09,-2.0219429249767493e-24,3.808534303969619e-09,6.059083088912785e-09,-9.270341902595821e-10,-6.367577525997351e-10,1.8266621498178984e-24,-1.1310601408988909e-24,-2.7159953573701308e-09,-2.9342386686099388e-09,-2.4835132320723826e-10,3.4461479745817137e-09,-8.486069889269015e-09,2.396890129951058e-09,-4.741773182502298e-11,3.0517708289229536e-25,6.212374260121226e-09,3.267304994457674e-09,1.5518834848991453e-09,-1.758036175484944e-24,3.9948126116295636e-10,-1.3151659480360773e-09,-4.52271109561385e-09,-1.0358335021258643e-08,-7.2181781341453285e-09,-5.841807609225471e-25,2.790555692527566e-25,9.278861261301072e-09,3.3617980737678324e-25,7.360678891576302e-09,1.5269571396262768e-24,-8.096029597292435e-25,-4.642532515956218e-25
39,1.2792426413545485e-23,-6.327227822471576e-09,6.3003512870973666e-24,1.9399525802736753e-23,2.132549707977001e-24,-1.099425458382694e-24,-2.8893637752879225e-09,-3.648207268667812e-09,1.740744665396801e-23,6.235229512239116e-24,-2.707280078599494e-09,1.5570151743827343e-24,-3.4850091803450366e-24,-2.0416104642445358e-09,1.4131897124750366e-09,-6.627124458870281e-10,5.118634467341209e-09,-5.615065288999958e-09,4.287468985966014e-24,-5.756593978270003e-09,5.9468674710432764e-09,6.45599148080671e-09,2.904088680853307e-09,-5.9709510454338075e-24,1.649924359406523e-25,-1.6752471454316152e-09,-4.174151423571274e-09,-6.525981037052535e-09,-1.8126034164373983e-10,3.088492581513509e-09,3.9401186532514226e-10,1.932491685004475e-09,-1.3258197243271317e-23,-1.523980402629313e-09,-2.272552494763064e-09,-3.712166042866692e-09,-2.0478552882827814e-24,4.357608113663225e-09,-4.047909730801783e-09,2.125451555331134e-08,-7.60960924826756e-09,-6.252780760205863e-09,-1.741430614518128e-24,-7.284988505247193e-24,-5.471518610355381e-09,-1.5436639366302808e-23,3.5173766276752447e-09,-3.2138051941045466e-23,-2.4259390574341646e-24,3.7609733911088246e-24
40,6.4745059361553375e-24,-1.8326202410675259e-09,1.2741265451832774e-24,2.2031007459213552e-23,-5.967456528503111e-24,5.624304199382033e-24,3.730066344137521e-09,1.258881043530286e-09,1.975619834492159e-23,6.954408123910509e-24,1.6583317181495093e-09,1.3640198232568283e-24,4.769009803720155e-24,4.992194069358517e-09,1.6431745894020193e-09,-3.962072424330186e-09,-3.872291509877965e-09,-8.55747152321865e-09,1.686071230689703e-23,5.9725016638196965e-09,-3.640118125422819e-09,-5.5297417326794825e-09,-8.286795891765016e-09,-1.2289675425431489e-23,1.0874283050210994e-24,6.943822846926866e-09,1.0679257341699619e-09,-1.6944276633268104e-09,-1.1574981107264489e-08,5.433155115314912e-09,-6.0315556976257365e-09,-8.907879531711978e-09,-1.790012100992479e-23,1.2224008952950985e-08,-1.1402934016927476e-09,5.022428172757168e-09,1.4115477385732814e-24,6.157765798975893e-09,-4.2278039560750234e-10,5.996305431428361e-09,3.906694329414924e-09,-2.820372734165776e-09,1.1562372986391318e-24,-1.478863925891123e-23,4.82897434738339e-09,-2.2623730648728548e-23,6.829450138520572e-09,-4.323145760819666e-23,-7.716509092142503e-26,-1.0277802527519831e-24
41,-8.06495187742664e-24,1.0971866681852804e-09,-8.230790656079673e-24,-1.1704600314132619e-23,3.483607227502202e-24,-4.92692705460368e-24,7.650150623824596e-09,-5.860954390533408e-09,-8.689076831329446e-24,-5.0497194476828925e-24,1.1379200019335325e-08,-3.936968727596815e-25,4.327833029398502e-24,7.02247554653094e-09,-4.71686508173818e-09,-4.215115836624221e-09,-1.690968343534679e-09,-2.1948745350220124e-09,-1.3947784158316493e-24,1.1000344873221783e-09,-6.514979603502628e-10,1.4161469868516383e-10,1.3536548994323616e-08,4.440448431465027e-24,-6.299132146556831e-25,3.0973432895785336e-09,-3.3575660598459255e-09,4.8203334406329115e-09,-4.623596073110826e-09,9.101852658137791e-09,-5.556596721431611e-09,5.232595575314149e-10,1.096348768797073e-23,-2.142517347454739e-09,5.969208962721505e-09,-2.0831285593827734e-09,-4.565267804079753e-24,-7.781932790415162e-11,6.50291767705506e-09,-6.232487341953879e-10,-1.2826053123159223e-08,4.997423798597114e-09,1.4340293089882193e-24,8.253886035860464e-24,-1.2032546446241331e-09,1.2917795178829208e-23,-3.584351110775877e-09,2.162038359060242e-23,5.59908575103848e-25,-1.807780004611401e-24
42,1.053556492349343e-24,4.533044115712618e-09,2.5753435315104022e-24,-1.9138184671089064e-23,3.493652399891463e-24,-3.0764565924256575e-24,1.0208579222319635e-08,-9.533068073900854e-09,-1.2360391016101252e-23,2.2515095302846424e-24,-2.803651268870822e-09,7.408408362776612e-24,-8.778163114249457e-24,6.522588028812145e-10,-8.9261513440242e-09,-6.7026750635680115e-09,1.7489042729087058e-09,-1.1433822026485388e-09,-1.858284624313196e-23,-4.975570548084169e-09,8.68936473813683e-09,-5.8289366707696285e-09,-8.891253312172785e-09,6.471159138536808e-24,1.1003825049017802e-24,7.3727610189003276e-09,1.8533824667394584e-09,-4.6634784324121695e-09,2.3989342333260772e-09,4.684808937270126e-09,1.559761774515689e-08,3.6951135011043775e-09,1.2421487942354098e-23,1.865235536147211e-09,-2.1067470166264365e-09,-2.467816794862467e-09,-1.422390007544936e-24,-2.0646651181570365e-09,3.991214436944981e-09,-2.4818723786199795e-09,-4.865970468450689e-10,-1.7734539090603497e-09,-2.2948164919220376e-24,1.075216625017178e-23,-5.589907986640269e-10,1.1285726197418128e-23,1.2388263810123733e-09,3.082502895238872e-23,4.270659278376661e-24,5.935215196155728e-25
43,-3.0986688772580035e-24,6.512304792813754e-09,-1.7488429781296193e-24,-6.494497733306294e-24,-7.116063949970914e-25,1.7780075921018094e-25,-5.206230088316519e-09,1.4985557875983437e-09,-5.039967768551752e-24,-2.7242047900921933e-24,-5.429282259319413e-09,-2.7073106887699603e-24,-7.882721785607538e-25,-1.9306893108642607e-09,-1.094358667970454e-09,-2.989132036803345e-09,-3.094810737454737e-09,6.48418338737216e-09,-1.966124253257973e-24,-3.225564300687181e-09,3.486119186752951e-10,1.424097944844072e-09,1.17871720053019e-08,2.7805506368878577e-24,-2.0676853907126295e-24,5.21235936644835e-09,9.376097181275662e-09,8.366091232154141e-09,-1.1257717713716249e-09,-9.837532670649168e-10,4.491768883525218e-09,-8.476641591802409e-09,3.608641591881688e-24,1.2219627903453382e-08,1.4351264791826759e-09,-5.302871326756809e-09,-1.4268044475076835e-24,-8.297485451230466e-09,-2.8972188530675704e-09,2.43124792186031e-09,-2.1182406573992693e-09,-3.303626983234647e-09,5.1972109073719415e-27,2.5371287159421015e-24,-5.277677574368887e-09,4.4563559873537485e-24,8.515041449930844e-09,1.1782740160254667e-23,-4.577272628363251e-25,-1.4747672930172225e-24
44,-2.6121699730573427e-24,-9.428202648979024e-10,1.9799349185699217e-25,-2.0405007608551542e-23,2.330334813852832e-24,-6.817403426268713e-25,-5.144092419884674e-10,-8.11491882314871e-09,-1.2711257724115984e-23,-1.3694832671810697e-24,-5.49337157173105e-09,4.827618153094086e-24,-7.018876745018327e-24,1.0221919783144588e-08,-7.372722524357931e-10,1.6789220551006356e-10,6.61429148795679e-10,-9.754350953101963e-09,-1.5190938227549166e-23,9.283260745448166e-09,-2.432813210045367e-09,9.818693554656134e-09,3.267684432386951e-10,6.0983083203126446e-24,-1.677164568171055e-24,5.468096944341883e-09,2.757819871146165e-09,2.223121696678379e-09,9.986874843371263e-09,-8.044800032273925e-09,-2.3554337020545296e-09,9.293273195765765e-09,9.401295497713118e-24,8.106505656972115e-09,-2.41248029044485e-09,5.962194363839631e-09,1.5791517308022624e-24,-5.963244382010283e-10,-1.868731438029625e-09,-1.7577683915715194e-09,-1.299651198065617e-09,4.9004242982024055e-09,-1.4625662613293945e-24,7.290551003308012e-24,-7.0553735405418904e-09,9.899317497442102e-24,1.0968647706090767e-09,3.030147028136365e-23,5.21804627757819e-24,-3.1661236419948135e-24
45,7.706204558172119e-24,1.9235784210018014e-09,7.690075097226079e-24,5.787125685480152e-24,1.853846109108358e-24,8.940156489777395e-26,1.1556737043866883e-08,-4.532402682274221e-09,6.799034230493874e-24,3.665224748561281e-24,8.279348337344865e-09,6.447198693300086e-25,-6.952616580659725e-24,-4.11957865584024e-09,1.1672338390351303e-09,-4.455695143476761e-10,-4.182597355382067e-09,-5.4071705800041155e-11,-3.336053634435947e-24,-6.090221393273929e-09,-6.946470712270266e-09,2.254473916472727e-09,-4.113700479563093e-09,-2.766594188200282e-24,-8.958944036386573e-25,-8.277597277614495e-09,9.279777486923533e-10,2.159052090902939e-09,9.04385108920279e-10,-3.769603308331871e-09,-4.787906160577986e-09,6.095102100117679e-09,-7.680340572805753e-24,-1.8532971857667079e-09,2.433813048966346e-09,-5.7069435292200025e-09,-1.0277741032880897e-24,4.531957531190224e-10,-4.122637876576241e-09,-1.264063268629921e-09,3.766248442807733e-09,7.503320972694391e-10,-3.076926628291189e-24,-3.889006228348031e-24,-5.252789561107237e-09,-7.907871595353095e-24,1.8815528590513188e-08,-1.116039183556413e-23,5.200966565748012e-25,1.6343282379535203e-25
46,-3.910516144632614e-24,7.134005232584374e-09,-9.596668212917727e-25,-9.252708139848877e-24,-2.6996250157140647e-24,2.1546502032626986e-24,3.043218664321367e-09,1.0784268563097635e-08,-8.392880233853842e-24,-3.1515014679863104e-24,-2.65869485621594e-09,8.416262300500971e-26,-1.745213693372391e-25,6.0564888170223e-09,-2.152136043793937e-09,-4.4749971622345315e-10,3.4028760643377516e-09,-1.8326209690060197e-09,-1.6434767739760687e-24,-2.6575463435468293e-09,-1.047881288433313e-08,-7.231173225950865e-09,-5.728782427148943e-09,2.291998868631374e-24,-2.9792782325359402e-25,6.48449841146693e-09,2.3180237437374654e-09,2.3636173875573036e-10,7.748633908410392e-09,3.13389786273873e-10,-3.990829801248839e-09,1.2846129498403247e-09,5.027155466656528e-24,-7.008117429962415e-09,-3.972110493640173e-09,-3.1207399897220846e-09,2.2480250291267337e-25,-8.925736138162826e-09,-7.3514822235068664e-09,7.595875922445495e-09,-9.774029533364396e-09,3.738254166442992e-09,-4.280566173173589e-25,2.1828970832961386e-24,5.733915644717069e-09,6.34984186225118e-24,6.239577969294125e-10,1.2678940005423074e-23,1.7252747749968462e-24,-1.608499596246718e-24
47,3.4452661259691045e-24,4.5011206418205565e-09,6.048379985597166e-25,3.2465048114556213e-24,2.2287856060492354e-24,-4.141705416041602e-24,-3.7301284850097173e-10,9.060149675859591e-10,7.628746833164178e-25,-1.2278643580590053e-24,-5.090360158860924e-09,-1.918593879326802e-24,-2.857741411569865e-24,-6.2946079101238836e-09,-1.1229840027009796e-09,-1.1194393745453011e-08,5.72517717456454e-09,-6.173898169106809e-09,-3.156570353977398e-24,-1.8347542294190373e-09,2.340441636025083e-10,1.171688226550786e-09,-5.631976455162183e-09,2.351871403123357e-24,-1.075585895364845e-24,-1.0222147189053991e-08,1.6219493028397728e-10,9.405214333145919e-09,2.117745218796521e-09,1.7706084302813433e-09,5.381607256787067e-10,-5.625510360100034e-09,1.3799607707254757e-24,4.684230856041164e-09,3.5036009681110257e-09,-2.6068568086050384e-09,-5.665707042356692e-24,1.2144762777114149e-08,-8.657301242526332e-09,-4.4642482098465975e-09,-7.384005984894389e-09,7.300183453315256e-09,-1.0396792456692223e-24,2.8374958637103242e-24,-5.581460026984292e-10,3.083556815587313e-24,-5.583594646242375e-09,2.0316587716256855e-24,-1.928957463468208e-24,1.442229335430078e-24
48,-4.800554019184531e-24,1.5384453769526289e-09,-5.263281058430183e-24,-1.5920012414817822e-26,1.1180639733964655e-24,-3.6583665567939025e-24,-7.701739603616802e-09,6.252499707745397e-09,-1.8192199223101426e-24,-4.638825764275481e-24,1.1604759903364668e-08,-4.38790861778578e-24,1.6082836268617906e-24,-3.158053369277921e-09,-1.6386271424153964e-09,-6.716618616251349e-09,-4.4154597031028036e-09,-1.0908707495929273e-10,1.3800368222993137e-24,8.736951533598765e-09,9.820530646258753e-10,1.4529317442369347e-08,-1.0007913280711984e-08,1.965883749349615e-24,-2.4330042333250904e-24,4.466572248534405e-09,-9.861702229962673e-12,6.294200352814166e-09,2.46007939345203e-09,5.672876023549053e-09,6.447441246978766e-09,-2.3371377212870937e-09,2.725496124879995e-24,-7.723014178955913e-09,-2.217836553239723e-09,1.673974771106809e-09,-2.4225175134732274e-24,-2.2297083820920138e-09,2.456614447997054e-09,2.304138539498109e-11,-2.9235205251956568e-09,-4.798391923635789e-09,-1.0488421215771558e-26,3.0021417918665484e-24,-1.895769222650072e-09,5.740505980044729e-24,4.037835674795449e-09,6.942826766565251e-24,-2.638020322471984e-24,1.0754447401877663e-24
49,9.000985629391783e-24,3.3591800117415082e-09,8.227497040277897e-24,4.208762162780353e-26,5.826228127845154e-25,7.662339282458077e-25,8.72788388462404e-09,5.914063522711926e-10,4.600680000034599e-24,5.31096445520584e-24,-7.038619064893636e-09,4.000485804456182e-24,-9.83852060558578e-24,-7.761539309181075e-09,2.868723459323697e-09,-3.935846244387566e-09,-1.3605437795582515e-09,-7.885360165010829e-09,-7.7095294167595e-24,3.5744218190917553e-09,4.689134850105453e-09,1.8548376984110653e-09,1.2270189917593008e-08,-8.548820897102072e-25,-1.4284772772195295e-24,2.7636581013246468e-09,4.4014050355359836e-09,-1.0189088578282419e-09,7.3572852464454925e-09,9.685126869236566e-10,-3.1621595245872592e-09,-4.42834422309477e-09,-5.850717258058044e-24,-1.016934170138043e-08,-4.118735373048278e-09,7.291062613926872e-09,-8.200890407337022e-25,4.41763731549946e-09,-1.0478054887770477e-10,-3.9323482043049815e-09,1.1984686565550425e-09,-7.126209762968545e-09,-3.457719000592321e-24,-2.7547158619081813e-24,9.475283676252968e-09,-7.980897747678577e-24,6.212863384991388e-09,-3.9942065105908856e-24,2.679633178538994e-24,-3.3958824943719014e-25
