,Ath Bilbao,Ath Madrid,Barcelona,La Coruna,Osasuna,Oviedo,Santander,Tenerife,Valladolid,Zaragoza,Albacete,Celta,Lerida,Logrones,Real Madrid,Sevilla,Sociedad,Sp Gijon,Valencia,Vallecano,,Compostela,Espanol,Betis,Merida,Salamanca,Hercules,Extremadura,Mallorca,Alaves,Villareal,Malaga,Numancia,Las Palmas,Villarreal,Recreativo,Murcia,Getafe,Levante,Cadiz,Gimnastic,Almeria,Xerez,Granada,Elche,Eibar,Cordoba,Leganes,Girona
0,0.9705060133554639,1.044937859867597,0.7599356429324139,0.46892277847234737,1.0483139034713311,0.9238004967505037,0.7119498824244294,1.0099485595820747,1.096304721643453,1.141419812826168,0.4516728971907244,0.9419547921850999,0.27822907411010794,0.2778330682983072,1.0128693892974416,0.7585314084633787,0.9853035226591085,0.7215269227430634,0.9395471823251983,0.9143837472883202,3.892319570205307e-24,0.9905643345928304,0.9104208317985327,0.7335952731416799,0.8365431700772343,0.47928797584602256,1.007271042691638,0.19873017556794184,0.6160363280994205,0.8956362811685276,0.7605007762616096,0.796409861931751,-0.5177865409026411,0.71775729646254,0.82063961932116,0.5699394131974129,-0.6931247150745713,0.8720390776251417,-0.06015275898532179,0.5416266199404549,-0.1035690020249724,0.3589405310801782,0.3982873504885779,0.6534522142287529,0.7913805115711138,0.9142145403351001,-0.5560018960898334,0.8203812235401323,0.4006843279672953
1,-0.02196947838689624,-0.1629938800770006,-0.9004362637986463,0.2719878888990207,-0.5115365549752902,0.4789066389805975,0.7518029649933952,-0.030860744383962982,-0.4137864295385491,-0.015538678026847429,0.6823316374524987,-0.0640552253149382,-0.5234767061381758,-0.8702100219724267,-0.3933252511504278,-0.8303287537062959,-0.07705713839872093,-0.3258080501451086,-0.7501579183632141,-0.03731113319463192,-1.2526528788785422e-22,0.5068566860891786,0.012380604727781592,0.6309412092993365,0.24233727162496224,0.9913617729626741,-0.6105819763169837,0.933463044830742,1.0309387087858972,0.6713495746817709,0.25469750580965267,0.49674916156879917,1.1956046031893044,0.37366858615345544,0.012499966273826227,-0.15266796056579393,-0.705841106407361,-0.06295241111361384,0.8387830650890529,0.9194661927049371,1.0865905956487285,0.9634596211809819,0.885291536587926,-0.47759966645073165,0.3819652185360325,-0.032392127848014304,1.1329229875252789,-0.7454604016585903,0.5432985727102173
2,-0.41596184052249685,0.4787617875814605,0.43736169454028245,-0.9294856536140282,0.04444592622361015,0.3579269527015707,-0.44407230984617807,0.18594104506472345,0.011992946252349188,-0.4056784623834886,-0.9357415942984088,-0.761852859958631,-0.41779120384817764,-0.13412231265810134,0.18508383402379766,0.1578117963673301,-0.68995488294171,-0.3911807525605747,-0.09440607747396994,0.5268244691072065,-1.6127593637856768e-22,-0.2366605633723913,0.22202390041734396,0.758719280944233,-0.9293156774174438,-0.1427692365721271,0.2608914988948647,0.8237249708140617,-0.36444027831042963,0.4877670197918778,-0.17943624978479186,-0.826314966539628,0.12532895651228781,0.8939769535608484,0.8840481343570977,0.1835034757966563,-0.8859254244731771,0.844480570225859,0.7066066198375403,-0.5333926738608993,-0.04487956921488174,0.7717239807079798,-0.7492492994372463,-0.9128645726546709,-0.9270965917582563,0.2910626082347913,-0.44862859504958674,0.3132246768295611,0.9718157916811477
3,-0.4533516289087331,-0.45320403261034886,-0.513783763579331,0.42931727688057497,-0.06970805075987772,0.558523640838903,-0.01952566476843173,-0.06337415429415909,-0.0885536684492074,0.3040841981426862,0.13132453110714717,-0.05547932479501541,-0.6087826068005839,0.48937116237109674,-0.3130104141895019,-0.32373774761052215,-0.11731883012325955,1.1164162660177332,0.03859138463228136,0.2873547766305684,5.401157517945995e-21,-0.4897575257996267,0.22001916755562353,0.1444713001609176,-0.2525761886442121,-0.9305429685590532,0.15777828343091424,0.4854755243827645,-0.5352004927608257,-0.3875246244649127,0.28785700831365385,-0.3826165019440431,0.3065538321773495,-0.5033457133079917,-0.38139320738931004,1.5344319891907117,0.04842657154485735,0.11364778382917023,0.2486945939058994,-0.08584316087334078,-0.281788628387836,0.4776374204623987,0.24414883298636908,0.4388747439975389,0.273497705201619,0.7621422644205726,0.5313573889311675,0.20311336882236697,0.040818514323455894
4,-0.3650014607682201,0.09688250458025596,0.37798830927305677,0.6771798330737174,0.49937087586627754,0.21112247901125739,-0.7485014889028232,-0.6225527181363386,0.6668469536867412,-0.07472929036466507,0.3919458567754997,0.2207018217257321,0.5862571758872502,0.27854453803731255,0.34256486482459775,-0.13502564308476803,0.06853328980614812,-0.19197326263363573,0.24460252109380584,0.14381715189826336,-2.404543629178716e-19,0.11552058068441248,-0.08103917155589853,-0.14037713774126392,-0.4924750565529877,-0.05141204099398475,0.32414082496765695,0.7317476846475783,0.3091884349619281,-0.21573965184834515,0.33091434136298753,-0.4374408752622725,0.13333698155138082,-0.29326276604480456,-0.4339248102988373,-0.5090993258385699,0.2032259611945313,-0.40545407335672556,1.1902714863503916,0.11804853899823178,0.7070534123140422,0.27496649559159553,-0.12419817348355096,0.3116558166690299,-0.24816522692143803,-0.49669986636513813,-0.0423317804648134,0.4768194369523216,-0.26021185441098726
5,0.058620893177593725,0.21557085580516974,-0.17769262572375005,-0.4190635170553304,-0.03963649881234488,-0.36287933024176483,0.29945223371469004,0.13174780373970735,0.11360255178385571,-0.011654629447931657,0.5139764905583045,-0.04532413917560671,0.05026939467285256,1.1855729451440977,0.11146295295851283,0.379106246906074,0.19912902909247043,-0.15275614069310708,-0.4054785767226008,0.5438970606726918,3.4993148928815102e-19,0.24685149562987638,-0.5241689561326918,0.07200591774575207,0.19833305361027045,-0.44938615597909,-0.19108012009997755,0.47884090504741045,-0.27449363939176197,-0.029548581030678974,0.7795821924915594,0.042046798674786307,0.03534967964432576,-0.25724051118877234,0.24512248095219855,-0.30357892606852327,0.41137384719998715,0.1355954960644895,0.45524214889247105,-0.17338766284690973,-0.8767577214757012,-0.03847835865462553,0.4990180635825648,-0.6432323703971627,0.2637615593472182,-0.6518894992866753,0.03927655060348811,-0.5209790387810476,0.43156696539363104
6,-0.3198063927254418,-0.13056819913892842,-0.3438160486948244,-0.46229437310884913,0.02603584128947285,0.4348239184166729,0.3056159924350093,-0.1385806616950377,-0.052924438798260566,0.12433546164568629,0.285081434181636,-0.13457126596461477,-0.14887077175264957,-0.10565101603909922,-0.1792142133978007,-0.5090425262372787,-0.26382049641867433,0.37902623048702205,-0.047861625415758544,0.9617785670615924,1.4716547723701774e-19,0.15133373881305862,0.7999800265970834,-0.041356322104002245,-0.1981933216261605,0.027869722324320525,0.019122835713851268,-0.32030031309333756,0.2356209623313675,0.263773727381923,0.869783808562436,0.27087748499840625,0.253043700111192,0.32046632741478887,-0.42057106804364003,-0.5144869224448027,0.21590195010464674,-0.31064851603802474,-0.1653848105303819,0.2208193788015993,-0.4254093766836319,-0.8076198996501223,-0.6833446396836629,-0.0908547772773362,-0.6636906294524599,-0.11559010182795298,0.11934201865199809,0.46912751365599986,-0.16658710837030946
7,-0.2821147117701528,-0.21988855160286894,0.40208948319716525,-0.13012650907880552,-0.24108946521924113,-0.03265493052223104,0.31834603808801665,-0.21116766762214798,-0.38063780695460747,-0.31113176912584745,0.04159475018287893,-0.2769945046702735,-0.26946573563292436,0.2694120869333142,-0.18984618589647748,0.10675321014188592,-0.6026858754493577,0.4530671255700529,0.33742053537061545,0.006290687597876319,-8.993436032383999e-19,0.512938101488042,-0.7045738458013814,0.44482550381560565,-0.3110025926455931,0.23666809960157278,-0.09022431619662998,-0.1163681349380918,0.6477890264082058,0.7124964059887301,-0.050721063129740486,-0.26467243916069066,-0.7017032491387789,-0.5839788216330818,-0.2364210131126412,0.13245883462665917,-0.06006148067141132,-0.12232643905275607,-0.17123071777310683,0.5375616123227656,-0.20283538793376985,0.1631893200034436,0.2246308380033769,0.6836203629621668,-0.11121088214083996,-0.39113383835830323,-0.4706568887178017,0.25422513590466406,0.43960882068972634
8,-0.43221957574594827,-0.1915139287147748,0.31835415032469405,0.4518705340504281,-0.38244211455364757,0.6824807020142752,-0.24455237274982525,-0.1117063819892243,-0.005794590701044212,0.3066837951789504,0.15316543335716692,0.05949584218146464,-0.057392465073583594,0.19221669606308858,0.4847784632663224,0.4179866409549943,-0.41068772226130945,-0.2617612171911239,-0.09180019987753739,-0.45856541896576963,-1.3417388573954375e-18,-0.18920539450127197,0.641798038382047,-0.4888112511565693,0.09519480634808906,0.13774729595559884,-0.36083467946178627,0.33220150293962875,0.2751918616861613,-0.07299762449917396,0.1991998189856285,0.34973320835608923,-0.23717206287400178,-0.23914438599740104,-0.2491446161991374,-0.20419158335452608,-0.011272557438323698,-0.5659686659603298,-0.46380940911379104,0.06290682008299045,-0.49702407936395926,0.5330150191647144,-0.23551865221283352,-0.5037954143741831,0.015379115365200832,0.46248204647607155,-0.5127790651885891,-0.449361263446289,0.5223923043626013
9,-0.059602105416184215,0.11992740014876552,0.28314649558136984,-0.47683109547619656,-0.25945231673341085,0.02326800340636612,-0.08907603804010536,0.11486453511357121,0.11110125602711038,0.28791676043781966,0.14570409697739853,-0.001434686154546332,-0.7580664791320308,-0.4007298261046698,0.8092337480286963,0.9977508246410176,-0.2122272236247701,0.8277908190117071,-0.31063222961921033,-0.24697702520684497,-3.766815000742801e-18,-0.01542884423713032,-0.5681938936439848,-0.1926952637067773,0.0982776458485194,0.33656789648881885,-0.13609806149576037,-0.1258156831908932,-0.08529573146526136,-0.1866553278454453,0.2503126741227909,-0.030870864287521477,0.6925012458821455,0.08261695611070731,0.04832234486252173,-0.05292365186473253,0.21887828243805008,-0.022439127093310498,0.3996381245076905,0.054879316444835374,0.1922667901675426,-0.0872309917604057,-0.4203740002584944,0.3841967330773993,-0.07916408955049066,-0.041390478512630606,0.053108969691359274,-0.20392815268681644,-0.3344486298602441
10,0.08082109227139703,-0.5739878726357326,0.28065478714861,-0.5683779770771795,0.3394550944384957,0.13705087377269456,0.1517096982650102,-0.21201402389596616,0.16678761503328773,-0.39567249161747,0.6911329769201119,-0.5909704549419724,-0.30386704561278544,0.047998978884817904,-0.3538898455077596,0.5543511069052589,0.10384978059146635,-0.4685489666636548,0.2941015267365656,0.2998545279255658,2.4613446434191777e-18,-0.592622580943349,-0.26214219447877907,-0.3477137377283912,0.047020689390153844,0.1397189461788995,0.4766527810532958,0.15338184322225143,0.3159440757523746,-0.302139314759652,-0.4374001338592649,0.45193757426126396,-0.14232629248243323,0.24051161285422631,-0.28404488256607163,0.2301850302522101,-0.16295023454146731,0.006127352455766904,0.3178523115442424,0.5107064755907638,-0.13779790777873382,-0.15032063343701332,0.1692706041625535,-0.33665948119426253,0.16756023090640806,0.4549445028348444,-0.05334791077977707,0.1728871682284189,-0.3231267762047276
11,0.32447182952502124,0.1549545805671552,0.3222248007802813,0.7027775036169842,-0.07326370599900246,0.09067389372691569,-0.5633965350861786,0.16737448625736298,-0.3525145356998152,0.008329463281045715,0.8322301366126921,0.35916871770779935,-0.39562722857601623,-0.2125094548836928,-0.38642159993574504,-0.17122156776250527,0.550775044568784,0.07431419034750007,-0.27896621654742204,0.22020868506963573,4.6499129304739e-18,-0.3416887190310241,-0.5137527683200699,-0.3817727633919283,-0.270406796321793,-0.23043559440649775,-0.16011514294301685,-0.10892564216935773,0.03158549612601995,0.2886193070576979,-0.06488021914268541,-0.40825971900987323,-0.19083134643212193,0.19002736446906582,0.4494847986235932,-0.1956912445946913,-0.2184318856686474,0.049230007858745456,0.01621749298571846,0.2945417571865214,-0.2183178025406426,-0.49445136390663313,-0.37772383296455486,0.11472658577163902,-0.24868714604568973,0.27752425248005064,0.08893745212349394,-0.20178165781848298,0.5910119897737024
12,0.23268673928496728,0.2527392346670481,0.4009930822477775,-0.3713104406469094,0.06841891289710227,-0.07384156191636869,-0.4479772087407742,0.11738481451039974,-0.13979857384705094,-0.15281521868765127,0.44375811547122684,0.08684730810713626,-0.3843120058481893,-0.5417589919412894,0.33801383071993313,-0.2686640982897485,-0.14674404976713848,-0.3353836711999664,0.29358443188400785,-0.10221338230402441,-3.788975185984385e-18,-0.22230019727803052,0.42821033685876714,0.6990112605578203,-0.18637493811254055,-0.2578163439065699,0.07003785467371301,-0.30723977857461676,-0.38257883454016,0.094819728020023,0.12411754128533552,0.15909569707978105,0.3729438416816822,-0.5190896237160592,0.03130494597465714,0.3133948627233823,0.20940764759268557,-0.6839580787848167,0.08866985826115352,0.04255688899802345,0.11801124299022082,-0.37830361918191313,0.4196220794440789,-0.2382408867669152,0.5217089843684282,-0.2411779084120569,-0.29249910572873594,0.20040658252000784,0.41044507734764396
13,-0.31595430777583955,-0.23386958360720045,0.028684938711736108,0.2741950008970977,0.014827949694943367,-0.15718420942939224,-0.13686058884259691,-0.28670095739657686,0.16709990355829957,-0.05995548009339674,0.33979508366541294,-0.01603917730704732,-0.32743949561561553,0.4512948896313614,0.16900417407996648,-0.13672935361734265,-0.012081477916696818,0.008055230574716956,0.27635229516517795,-0.4476078862139102,-1.9958969127484197e-17,0.19027036711296696,-0.2559573539176446,0.10117705733828739,-0.12484809179370208,0.02419777392069029,0.22770588299613778,-0.08367952111007144,-0.7323531126798889,0.41898644946087726,-0.16988765139596532,0.6685233545175581,0.27352982842716056,1.0403791019117792,-0.27850503257231396,-0.16692620859545312,-0.20049273937089812,-0.19691870285100777,-0.245601045078958,-0.38818260318043324,-0.14945686565337948,0.1080125934035828,0.28158664009478,0.3241599888926542,-0.20844861185051283,-0.17818388635756938,0.18656762095447674,0.15804648693922035,0.2790022857438233
14,-0.2801718402566918,0.1224592387709342,-0.1667165552303928,0.028925182077566457,0.1770322867057182,0.20392775512366057,-0.07089027975762853,-0.14413592615853407,-0.1367770873613535,-0.10259179198319643,0.051925198264584436,0.024324054106636645,0.47385983477984683,0.29606135019427954,0.44618593646249244,0.009749184404342193,-0.2868866611566743,-0.23344304935244656,0.4428622918977381,0.051035777509254705,-5.360236302894106e-17,0.03219914791838246,-0.2740624416388676,0.14500981724967413,0.02311261563101215,0.20984049541737176,-0.16231493463481605,-0.680043242519788,-0.05252863289597922,0.27138328902598413,0.14023602109952776,-0.02281873536372412,-0.023501208903767255,-0.08616940814289471,-0.3482937260244417,0.29849826836058774,0.1799745214079231,0.4287000428599055,0.3829112406959248,-0.06791393589537444,0.36887993584841317,-0.5680636665073422,0.053553161819980315,-0.15810135567825442,-0.23714757428876435,0.75335357122298,0.23022561251208584,-0.7066449219924089,0.2805295883832547
15,0.4541146913999719,-0.23488880813066623,-0.3877792894289602,-0.59292282371203,-0.11049055030768345,-0.48407493377289124,-0.08027829301971506,0.510799449789117,-0.1908350036747339,0.33474976637497184,0.22624219636577955,0.2171906356242485,-0.05605146631499852,0.19200249484415033,-0.10129447370242461,-0.1308987898559158,-0.035675856379267255,0.03704200030604691,0.41996378381345995,-0.5479541912333119,-1.0002607632468743e-16,0.2118348236832517,0.21215686740492248,-0.20922446562718167,0.10591531998214793,-0.046114321003534596,-0.09175053476553578,0.604870406677207,-0.14120030812199108,0.21710024825071086,-0.21432443203401255,0.009810322892411044,-0.18890920709601824,-0.16111534758292917,-0.46919438282763565,-0.3036754702493627,0.2654585588731377,0.153648617858083,0.3879285858108122,0.05227915872490223,0.2013656760278877,-0.03567980661752004,-0.5251065739760645,0.08981932584375314,-0.012594038064981203,0.3888407603067372,-0.002599788127574074,0.32456709193769867,0.441495480719248
16,0.03173918240697287,0.2907117069323848,0.1977612506895035,0.5918728126974085,0.15003797806611802,-0.39102494653319747,-0.1647017545823475,0.7774620363848403,-0.09036208375883098,-0.041213080727198294,0.1928344404217897,-0.44294600258117467,0.025305853747598417,0.03790266653775362,-0.08459494611965475,-0.029387339041197884,-0.34660762389274286,0.13016309137534843,0.32819992574740287,-0.11788021659534548,-1.5346612853991956e-17,-0.2829693919901573,-0.01207933929712488,0.2157448104905049,0.38906608415786414,0.06235207076073148,0.04535707558802484,-0.16257979019204796,0.16004498974797748,0.46192256174057433,0.01164728915246371,-0.3154397556553825,0.40939681648898446,-0.1099882236693158,-0.43286515000036574,-0.2100097714952876,-0.15126150724570997,0.04068172267626569,0.07189284771622735,-0.03604667563271876,-0.532258005742134,0.3046457501398706,-0.023437101652789817,-0.40937681243362306,-0.11841927666435709,0.029374143369371022,0.1687350439541021,0.07594268953162828,-0.6445604974828567
17,0.09323495231990266,-0.29495926818296336,0.017571942914206978,-0.1263490134745277,0.15066895282707363,0.3986194590252061,0.4883490315347311,-0.04850734564052686,0.38528138384223287,0.12444357791928495,-0.17575933483765602,0.17849030207603012,-0.015712212329398834,0.011879897124309282,0.35978737110845294,-0.09115775439318338,-0.2611259567627025,-0.40035678972971805,0.10595231971183644,-0.32419022027865757,-4.955701572798178e-17,-0.016701278517728717,-0.4554545379031135,0.13018762887578408,0.07818005622767552,-0.5077542229334643,0.29054687086876624,-0.06582345639273135,0.08795001562327268,0.04373533013743798,-0.12002351595784967,-0.33122939855316397,0.3024399036906142,-0.404888171361086,0.4313475405027313,-0.5338938248813562,-0.15892317140352,-0.2616995466359828,-0.2606370999019805,0.1617144787202017,-0.28129768216079876,-0.09521315275802184,-0.06451651080095146,0.03868895513274197,-0.08287870536382774,0.3460438839577727,0.7584991399905953,0.32423147309169137,0.13211478437146626
18,0.016745489232331455,0.2052338797352724,0.3135272526113467,0.14303993599875114,0.06752001111960962,-0.23663653955625272,0.7558242888045228,-0.029800785100891486,-0.030171342729247787,0.04434301140953505,-0.34518470256156425,-0.1788843457210784,0.11899323982606498,0.04790392461574479,0.27433650408746957,-0.12529751279530305,0.15821681186263126,-0.07739008617374726,0.1150662412406141,0.22079317489807684,1.5769261167519357e-16,-0.29844498567545996,0.12607814126580505,-0.3502448110304457,-0.5309904583621491,0.3424548255063215,-0.13607039160384019,0.39714427053253293,-0.21043039754292692,0.4329554001787971,-0.23830798991409244,-0.301759064512344,0.12439843677439791,0.21339574169310138,-0.15015900078605443,0.17387873991503677,0.12019839874262851,-0.48723503440906907,0.12417415487471556,0.03955471960648821,-0.21029851519705647,-0.279626033254494,-0.2772053375192893,0.22041946634956583,0.6275787178292729,0.015122366679197283,0.16486108752201362,-0.29783212222296734,0.02707333005956493
19,0.21717933989377683,-0.12454355663757878,-0.20384358809174893,0.11346243503317648,-0.27525472696357683,0.15670285501486786,0.11639086631906888,0.03332813208832022,-0.21533053672988392,-0.36470659161203245,0.1931926124296832,0.11025137091672069,0.32456915195715563,0.606466361847474,0.3971013892650968,0.2719468765328117,-0.06111015514348488,0.34248163850424385,-0.38190997662812176,-0.17721116787419358,3.250477959333256e-16,-0.5768787193888635,0.6044689405555447,0.37015526270513077,-0.2202807318157674,0.0749661613391039,-0.27873837587601746,-0.2343009183034227,0.06327524911094289,-0.022704015360566213,-0.5572522658200036,-0.07866621177852143,0.04353464995399904,0.14905519212467022,0.23627046517674963,-0.28268672553596763,0.033223256944084366,0.1638134449053534,0.25699563017808996,0.31670329563912464,-0.0008816453431074825,-0.15583844330152138,0.2553724679483034,0.1105825492050703,-0.05323564199083172,-0.09974899681618603,0.022107402406931483,0.38598053164114493,-0.03244966177665514
20,-0.413838205008057,-0.20520973210031568,0.23842351116230356,-0.034900806084109635,-0.20302517054680708,0.3126498696808847,-0.18305200292659587,-0.18638014187357185,-0.09064891286999234,0.12876577555197716,-0.3632146890538666,0.05087353760660115,-0.013842712304358384,-0.13356684093154694,-0.3836804339290666,-0.0016562712336186103,0.41080809216347247,0.06816077920383193,-0.17833448992484408,-0.3182113339021813,-4.454344921601788e-16,0.08784709144231428,-0.006219948499211391,0.10475147256198794,-0.1985567305963503,-0.046632456079958376,0.04232950223678336,0.05150395093290811,-0.07799143800823119,0.6184841545810328,0.018441286290542428,0.3702681233264981,0.1457616952228414,-0.3332536279340307,0.11290453761908034,-0.4294466916841886,0.07141193934882009,0.4113767086265454,0.4611387257591409,-0.20838974242728608,-0.3192727873228009,-0.3141166399982672,0.17021680769070685,-0.04717722562525178,0.4403641994322351,0.3296046608359759,-0.24098558581865745,0.09993431416506056,-0.4108248332755587
21,-0.07325427126362165,-0.16105545249893544,0.09846609642185711,0.258377436677137,-0.011978791474659323,0.30077535677105377,0.48938235964464794,0.554342975817708,0.007475748339295736,0.05206498906285464,0.16598830189405517,0.12967662331319674,0.07182923177851588,-0.40088467474310846,-0.22213911754106438,0.41282024628468816,-0.1725874258146493,-0.0727521635616937,0.15406130693269093,0.3290827586124922,3.070395335530293e-16,-0.11508221974839619,-0.03471527939959301,0.4277597260473618,-0.2795453736144827,-0.4121936861361184,-0.15384887837090597,0.17155600872217608,-0.5014432873405505,-0.019194527086101806,-0.17775757792728872,0.38003222919308355,-0.4214614265284115,-0.09359552278752414,-0.09067967833846234,-0.3300345166654395,0.18581314215350378,-0.06610051790704854,0.09276133303191314,-0.1271193854850522,0.3274709060682758,0.12515735613013784,-0.04861727828450219,0.14072422663789885,-0.2923327828562108,-0.14059814869268206,0.032917165446145334,-0.39276760977581227,-0.20698044252079967
22,-0.03809657562878604,-0.2976775255739806,0.11479024155818225,0.14412121357193786,-0.12005669019498594,-0.2716338744507733,0.2451097142253762,-0.22340308907671583,-0.08660613141836547,-0.3564340868973202,0.004620160651140548,0.2717861498270287,0.2798967589525794,-0.26300477777380293,0.11527156998423993,0.14942798634558566,0.07859120069603498,-0.1835841573006999,-0.25913752705347726,0.3617188021734712,7.326793226686517e-17,-0.4501668889228851,-0.22297465985182113,0.026210741958788114,0.3450891017799801,0.09238770019000105,-0.013608378975465999,-0.02475685579551793,-0.4099999732373322,0.17838117986108742,0.41665698814092883,-0.046561075493677065,0.305696134380162,-0.16474394280329832,-0.4073684022584182,-0.12606984422467277,0.0033157715474042247,0.42712880073816994,-0.2975330892475285,0.06207518059721663,0.17211632222617718,0.32730614934225205,-0.21571662399703992,0.06904601593320497,0.1875396967560417,0.13066163763023408,-0.2484233964959526,0.4721980529361611,0.3364197404441231
23,-0.3073060377993515,-0.0453015883067436,-0.5678665584559351,0.09736653774599635,0.04613233708154467,0.02260412128556089,-0.2506900100493711,0.25948203892367555,0.5965194230692762,0.27852221165223545,-0.29566755244715337,0.035851918676546586,-0.5282334841915711,0.12109659914476249,-0.03648218952920603,0.18626177189491405,0.15936099013180424,-0.12012487120543545,-0.059103131960545105,0.3547905472358723,1.4217025330664953e-16,-0.12834364718361727,0.01487634321104473,-0.14359242565682187,-0.09217197489584461,0.16895351745138334,0.10152887368309742,-0.508117226298107,-0.0797293214362256,0.2941681716217625,-0.3613685382364779,-0.16991723969378997,-0.1418605535988153,-0.15055713053720296,-0.20098439632133838,-0.17409699566277612,0.13823639776221358,-0.016083620053625916,0.005187109178374123,0.26657154700778696,0.18677009896112318,0.15083178329335353,0.024117156611746987,-0.20746606881734939,0.2719445741367533,-0.24566614458797578,-0.00027516363904420897,0.05613665820416721,0.2613948466897066
24,-0.18182092237384778,0.22292555305715125,0.10739201630522559,0.18146865133481077,-0.45276332248926937,-0.037814036423994196,0.19712463554416057,0.054878693787443256,-0.3087596009274542,-0.06049346011037097,-0.14061791804392867,0.3964737196753551,-0.5236148974844215,0.1876334300951321,-0.1473565639635944,0.1910809253977658,-0.006255153570670836,-0.36734437703508965,0.6813683612212633,0.1577259146217724,2.0341474862877348e-17,-0.11196219406264257,0.22086436697134054,-0.1972537601745083,-0.08307682797171416,0.20164869253973924,0.11514033750807202,0.08283684610676648,0.24530205204183575,-0.39241927130924187,0.07668490362799912,-0.0833755325238599,0.29515986950149464,-0.0953860285157828,0.04380087327237942,-0.16777552505756663,0.004154670907167447,0.3410959557344201,-0.019593476378896007,-0.2659033659288,0.032671439108820144,-0.1740226850758162,0.2747822934778145,0.16373856635549724,-0.10985381899301472,-0.12476208446597603,0.10845628299256634,0.11321212277701251,0.05823322117316414
25,0.32267342175338853,0.3188514111188948,-0.3539360643571198,-0.09144621993853243,0.16837877705062188,0.30897274326876223,-0.23633220806624777,0.03501496330619551,0.14187299317017324,-0.3625833333742877,-0.03862793694612324,-0.04608088091186674,-0.35010878067352735,0.06875043758760416,0.34408737291587116,-0.30515344412988693,0.008452051346956702,-0.24458825317949157,-0.11053160891254654,0.058466848903518345,-1.1142056415445933e-16,-0.1882205429842532,-0.16667162140389166,0.23222454708711904,-0.13277558506307577,0.10063030670501362,-0.24375923377420716,0.22683108913601302,0.07476538022402356,-0.15037415090510103,0.02838376135264103,0.24590283923705983,-0.17402272960998258,-0.20188301739514786,-0.38969409516718323,-0.18932213988676944,-0.36884964014244953,0.2714126092582743,-0.14889046675078624,-0.1698474029403844,-0.2795117209476829,-0.030386838106489046,-0.2040476696487342,0.4916675860406571,0.2053917780360494,-0.0025271044503134047,-0.06332746864391366,-0.18432544510506513,-0.2279245007517526
26,-0.19241605388196434,0.4859769531664523,0.20912444597707108,-0.40854383339684586,-0.16971728757504662,0.3327482578774801,0.09397275737626506,-0.08318839396218625,-0.05252550228941707,0.13060532701478436,0.2909562221406863,-0.09162815541298383,0.08227242719292631,-0.005988284264200212,0.01281862107212192,-0.1422632015357886,0.19855553556581762,-0.059239690852771865,0.01077693717764647,0.09444440859504946,6.58458690269727e-17,0.26413940401978586,0.04173304653161714,-0.18620913591318233,0.10394266188061609,-0.45057839466540867,-0.2441966391109495,-0.08807712126223076,-0.14215496053232898,-0.015431805737519061,-0.37630894181999136,-0.4531453177179578,0.2060977379648303,0.20718072887362016,-0.3946943910759344,-0.23063608999307628,0.04885175732071743,0.15554253999989295,-0.22713914641471664,0.20561312405385268,0.09829832643330483,0.23287527470072258,0.29305397230164865,0.10619364979090115,0.0653680291137597,0.12222040352708193,-0.21152916789586676,-0.0377734748028251,-0.1452769296297531
27,0.5178269277669506,0.32628226253385073,0.18671778062505234,-0.1421418278214297,-0.26330799859283194,0.03371927571853977,-0.17267305159442725,-0.4033888855130453,-0.22919479901931067,0.06428677093281816,-0.2838531113950727,0.3377936547716216,0.05877618971879438,0.1920507257524853,-0.10814247887010342,0.17589350979173757,0.06317446536010723,0.2319388530380063,0.06279045822296965,0.26782568923780214,-2.5962085196399662e-17,-0.056657872476737585,-0.1284386347532915,0.050678504004992554,-0.1672508762393186,-0.16508025369552398,0.15202970593597215,-0.15667635810272212,0.10590093628573927,0.18013372498972188,-0.1604324020489118,0.36945916579407867,0.0008350136600079156,-0.09509784605427053,-0.32640281480411903,-0.0075134582363625135,-0.10809762988584827,-0.23204396326935953,-0.002234382111680029,-0.026489158391142697,0.062297810857112425,0.3325503240127552,-0.1711721407058277,-0.3463566498314679,-0.029354521639857214,0.007363250986202595,0.409342515498404,-0.021773451658761746,-0.056329320012978926
28,-0.07403292550974827,0.11321358498133087,0.1452489033273756,0.07357590978636987,-0.4432004729864592,0.3246728488593245,-0.08310870901374738,0.22692006373032556,-0.04050496159287203,-0.25541190847156897,0.013485076075073939,-0.15878842461063722,-0.049703143208418406,0.46007361704320304,-0.09417282494411285,-0.2826376037375684,-0.25595108748795664,-0.02426460807462378,-0.037222696694118824,0.22948487472715595,3.967827526298647e-17,0.13070889119037973,-0.1747768488734592,-0.06690715395102655,0.5129103955561769,0.1490316853947455,0.1240184423993036,0.060688246536653376,-0.2942263109754973,0.0003155655980236334,-0.09032905457895768,0.10981654918485197,-0.05960205713869169,-0.042365577592472316,0.32367560759756575,-0.006394291964640346,0.004485643882101122,-0.2627756321030895,0.03881816625087105,-0.01678540484714658,0.41631575773124335,-0.13430105911332965,-0.34840185924712347,-0.007213716101319305,0.3107920573095324,0.07849119702981092,-0.04798182016171087,0.14362183134559706,-0.17303887595922465
29,0.07761811943204255,0.23427997370282574,0.024019766204484733,0.3012232893278031,0.20599377776050506,-0.10066179720157688,0.32613077977278754,-0.2209009892574048,0.06681583828743233,-0.2940755950576654,0.03172576713105617,0.06058641812825582,-0.4153008604356892,-0.12094006513279475,-0.02864485156033971,-0.061262320817419086,-0.1938000947724006,0.020361645247979624,-0.16356235854765386,-0.060227666520843944,6.765884866000111e-18,0.25695619978965334,-0.02484027752161947,0.05884266506374206,0.012982594244809513,-0.1283713002994202,-0.24310861702809225,-0.2199594104875327,0.17619231660678536,-0.18739046471934118,-0.06776619380638724,0.009944814562959545,-0.24519006485874667,0.22927196056729962,-0.02862993040993814,-0.09636032011900844,0.5058815107145905,-0.0012208011012599244,0.2768679239795696,-0.2864301097051866,-0.0640736049154932,0.1518267091304451,-0.0906955208462378,-0.2168175524354794,0.20990604681660024,0.34613262789641575,-0.0328170772493557,0.3199208470392249,0.04954611678019393
30,0.1820832242159573,0.1044713876120857,0.060756939527611,-0.08558518199622825,-0.12499403730617163,0.21569754056058113,0.18039307492309706,-0.05462977024430878,0.41437069641028745,0.30148768225070566,-0.038898112447268283,0.28861184829108943,0.09817992709309101,0.04457898065154093,-0.388096986328925,-0.25143326950711103,-0.24660026438187965,0.14600482574605872,0.19621642526256045,-0.2593862695932591,-1.938175913274313e-17,-0.38643452897506914,-0.3080775362859515,0.12304317805968326,-0.07612872451653947,0.27552430402285316,-0.25998194646575,-0.0782688555476377,-0.15796122452473274,-0.218098664196896,0.19315950096139103,-0.10163681612856618,-0.018456426747371475,0.20349369876963763,-0.07336251881122202,0.010380616721911123,-0.10409862919188809,0.01225027023917925,0.11773246578992351,0.13056216280463706,-0.07866385056965185,-0.06813362924388539,0.0654366016144066,-0.22127310519025167,0.029959264876239684,-0.08909531619983602,-0.285448829852556,0.055109198695879914,-0.004777933147776761
31,0.13836757586499523,0.08211674351290128,0.2145275574512961,0.09960583532316293,0.2563884531789073,-0.12016873583080603,0.06984957766529161,-0.1465204684876386,0.010082887048894495,0.3861715043447535,-0.05727726566504638,-0.16750465357042818,-0.09254227096490711,0.07411310580896233,0.05620003795275641,-0.3552752042396819,-0.2563069249188616,0.014963252310499065,-0.13392523554484648,0.23884325694418923,1.7341514809278645e-16,-0.13585011174141967,-0.01294113409218345,-0.20276770843035868,0.10873400306049628,0.07595665157476023,-0.07280122768421912,0.0398744406355923,-0.06966998848985997,-0.005261670099731921,-0.3831194108160322,0.411279000399605,0.2623891792308603,-0.32777473872887586,0.17101370452905254,-0.025181457518282383,0.20771787938328176,0.23700437167388386,0.06228117250447277,0.06968529050940898,-0.02205308944686989,0.054850978470478505,0.11824708228457226,0.1317374475452237,-0.348734624281463,-0.013709766383589698,-0.17552437553529787,-0.015560948296353438,0.12711160163711724
32,0.10434017819415844,-0.319843702647972,0.28871742966420566,-0.14939171110862995,0.281198936223236,0.06288906934824033,-0.13505562345806044,0.4252534241679573,-0.15235254319179722,-0.0593397703648321,-0.1397971093632848,0.16700225722146292,-0.01916231293710273,0.27343347931619544,-0.05174328376792623,-0.08769817325201383,-0.11112407129815874,-0.2156789690545176,-0.08330937579312349,0.029865887748335592,-2.901675778994824e-17,0.12374469828804716,-0.016634727571728014,-0.2861115470312031,-0.3796793320043347,-0.04778820065765385,-0.3511199171976249,-0.28755305019874033,0.03854290081042993,-0.0015418723849555881,0.27900762406877955,0.09504169914170416,0.14995072651640892,0.11869330937795136,0.0715668771099201,0.07502051571169371,0.01622450303359047,0.030465298074940982,-0.013346184159366255,0.10617636743459172,0.11835309262828374,0.2846963589710122,0.049911242519449416,0.10446239461804993,0.12867125494369286,0.019050870874915533,0.07143101400957924,0.08083110050669487,-0.15144112890834796
33,0.417307713119656,-0.10671804031551176,0.1855402777670216,-0.020819734163744358,-0.02815657667202661,0.30151041617880886,-0.029169638671794125,0.03157485240783579,-0.02648197939886195,0.0022422589496785715,-0.1016247668755997,-0.12249680195677201,-0.10252596420229843,0.05090796040048903,-0.18025258616518455,0.002807653159024223,-0.00579073530643256,-0.14637634130570643,-0.30129429498858495,-0.10358248441203054,6.568684089580996e-17,-0.01653106053912627,0.15545883205368885,0.07538168650297954,0.09767663580370448,0.27407628901451775,0.4570505400650074,-0.054581671841316126,-0.1121188119285025,0.051317133477544415,0.1431008236201924,-0.3025277501967785,-0.05979982334558281,0.07435421196148127,-0.22130795418795324,-0.06320929438928985,0.39100606302679886,-0.004717149100524264,0.03948489058553941,-0.1132062317706255,-0.04724880496887138,0.06921178032017367,0.18788476731036677,0.2200583356254029,-0.15282077676037154,0.011855639708683752,0.06852407811857268,-0.20170450732226303,0.09092740847115213
34,-0.17069855583034008,-0.16243637100978336,-0.019303966601648744,-0.0927347645378529,-0.005477614333549595,0.2677985840320197,0.07597133269109607,0.13636570439620826,-0.2516839636484693,0.13915069474759145,0.1338328131461378,0.3537230142901855,0.034512294243418534,-0.06937879420070409,0.2917199975166917,-0.23423774899272887,0.13196720405914567,-0.14444754635788334,-0.04534228998388502,-0.0033202798696525143,2.2429907939473858e-18,-0.09855052120826271,-0.21950854675203335,0.04187678200827843,0.10775690535628898,0.07216266211849849,0.12181031867632651,0.013745913792280325,0.2022093555719558,0.09723565797628034,-0.24965598882689316,-0.02134427851000696,-0.06819180782188279,0.10440452833010198,-0.06360025951307921,0.3211540480409382,0.23689419251704663,0.07409484306246442,0.07299196137545402,-0.21469179881821177,-0.16988784936873413,0.08633356486554655,-0.17176645376598101,-0.16397869690474043,-0.05152034030630256,-0.3341897402452502,-0.044858073238422266,0.10286472347781249,-0.12438646771619095
35,-0.2790923011199178,0.12493631636596686,0.22969299427162757,-0.054226786395757565,-0.12143366793424029,-0.2139401061191764,-0.14544513141756515,-0.051808167341503064,0.07198490664875115,0.04183988282225376,0.06152329230235539,0.15785238052702885,0.00752723524060333,-0.034550495019292325,-0.02572443214500437,-0.055969645801807334,-0.0031143917421539466,-0.18556520533461004,-0.0882350936089694,-0.013126098702886604,-3.843656818874647e-17,0.16043253482671851,0.12425007753870211,0.2591258454742278,-0.03304083661764429,0.2702400453090396,-0.01769978686616527,0.01601153293992708,-0.264300652432634,-0.21604351979131528,-0.04749585907197664,0.049215934946437674,-0.1979190130695759,-0.029063337636229286,0.028061031195578567,0.09241981892941047,0.13616702457772958,0.1679972650715658,-0.0009171947035031708,0.46725632485612273,-0.2959988486598107,0.10737762148325952,-0.16910031012277493,0.05788882558254844,-0.019690573492451194,0.06193851341374591,0.3987732212676951,0.003523397929309451,-0.10948597730079228
36,0.014839896740844207,0.05271769550628838,0.02565339578425532,-0.011289516558339381,0.2954441013046226,0.13296887720287429,-0.11871032026151125,-0.08064388716423657,-0.06810333413815281,-0.009014695230226197,-0.07330330755202709,0.10600527151973067,-0.16126802945194466,0.049585952907301056,-0.00645671781001897,0.19185832340996908,0.016158307866441447,0.013190438057759936,-0.04661379099858064,0.020070953675289934,-5.685999844056012e-17,0.00529773610809491,-0.042368735052316926,-0.0010643093160590585,0.11143349789538427,0.21590275198776324,-0.35560909600619595,0.38263686271526504,-0.168787076405077,0.21917892820601048,-0.005458702707173781,-0.13211661174160969,-0.12362973221038583,-0.06006035576343414,-0.03674529758541078,0.08413217512068379,0.09389798459155321,-0.059995025049584365,-0.29411744630811787,-0.03183600926160841,0.15660458194069682,-0.24445885204049345,0.26596756628840434,-0.22704357593341332,-0.19160164222555315,0.031557581360916756,0.17673603107467595,0.2550624063308766,-0.16700640894116814
37,0.11853661307158929,0.10909005576533155,-0.28969362816974464,0.160631386665243,-0.1500973993195437,-0.0009608038888895797,0.10970685335115582,0.05985949208478597,-0.23578506691002024,0.059535819332779724,-0.12499478543025429,-0.11060392898567756,-0.050321824676250425,0.011515519421502224,0.2007212190752135,-0.018324408221317433,0.2182949146681531,-0.17352937983086014,0.008646125256989563,-0.03549976698713503,3.62579331624848e-17,0.12032857383932831,-0.20748058083772605,-0.010401569508491129,-0.2168049100325266,0.05050274694715561,0.12689654308379258,-0.016288159121176912,-0.2025671080547082,-0.07502945351116923,0.13732993644441877,0.04886875251925763,0.009850216308949708,-0.02433373151897122,0.020326113816444145,0.044809578774496664,0.034848257939595464,-0.18705491927058945,0.074018991085406,0.293663106158613,-0.04893545978361574,0.06547336651969954,0.10161613763719918,-0.09938220327381814,-0.2603080951916814,0.20106354683367936,-0.29285409133975265,0.1735371548241687,-0.18231614804073273
38,0.14520801276906484,-0.08986085190637402,-0.09083359986806074,0.057720321969918165,0.046114097498515395,0.19231010895402906,-0.05172915048982974,-0.12260104732018486,-0.15408758380855114,0.05353428879751508,0.21933496345419776,-0.2632543659770147,0.0862403880404235,-0.10678880455088847,0.09672994257069421,-0.03759088600820131,-0.04089328423729015,0.18901443635418466,0.2734178059897105,0.01293720517513929,7.624667259040302e-17,0.10505981575776104,-0.034983381456408974,-0.0960098133844971,-0.264990717937413,0.22354968073542258,0.061302675664447526,-0.02988656546948187,-0.18184161813204597,-0.09509365626709124,0.012322088800706196,-0.059674997714409414,-0.034073760129841334,-0.09199541143023876,0.15856508364133884,-0.17428170191000306,0.12961975676120072,0.2661972506245833,-0.18564889300188006,-0.06209587587453888,0.0024059459964700055,0.14567027941880908,-0.05404437807353724,-0.20324674841306273,0.2549946729063722,-0.12703594760430617,0.12661015604158873,0.038740966205103505,0.007544928132436198
39,-0.08802237568415931,0.16375916228126017,-0.15372569708912046,-0.034992345485699516,0.028329226178878276,-0.022605177238832427,-0.1528649253672373,0.09552146800791181,0.0797429158159171,-0.12373483327741183,-0.009773884652298987,0.07512370501948276,0.13363862798994208,0.049668825834568095,-0.14810802165015047,0.047198123309931304,-0.07251069469236976,0.038284454857817875,0.035589631327049245,-0.009002358724012033,2.2999206268194885e-18,-0.1258486584927439,-0.15100674357965954,0.15184114326551998,-0.17828264651356585,-0.026249368966422906,0.1370255638095423,0.2086148481920631,0.2328712567388207,0.05019417766859351,-0.026471395549967074,0.1070246382298302,0.25869490688864333,0.13276264575496607,0.12190598042893605,-0.006603617673845298,0.4717966038463425,-0.01129605329217527,-0.3295257330721895,0.11014693308892907,0.03510764598310084,0.024125309183943122,-0.048127302556694534,0.06161738098339508,0.0602619862040264,0.15007074732469114,-0.09933284892789598,-0.08509785923330312,0.008011638970534174
40,0.10628430267430736,-0.20651861243680744,-0.09663746612824135,0.0535559061041465,0.19467301897892314,-0.009916031868648234,0.020706662312965942,-0.19489107114551824,-0.05902411661910797,0.015814628642350406,0.09232592313190384,0.21650392053083167,-0.07592783086162483,0.1388835827525034,-0.15724659356572687,0.13621482908612023,-0.01715903716149952,-0.07433429490188218,0.056509154678960505,0.09895356727817714,-5.168890762016573e-17,0.25736634776705947,0.08463828532123939,0.22602227144051562,0.03371439165108841,0.111626514630211,-0.0433608942946165,-0.03058041444909002,-0.09895920748940616,-0.023465049255203114,-0.1913460881944595,-0.1894200956688147,0.29032498993534994,-0.05957859168586047,0.05733439789503605,0.012137652085945848,-0.10799692086460276,-0.09212325885394111,-0.013376971787188632,-0.018933836088983125,-0.08519912202551323,0.028262386098785248,-0.22967419969652794,-0.0022065507626392753,0.01970883210451939,0.04387745053792379,-0.2536856741980516,-0.1882256128774298,-0.12760246773403774
41,-0.14619400334473137,0.24529512109712046,-0.136553823300695,-0.13788397754705506,0.09563059676161714,-0.022337603257116034,0.06313199615988044,0.04786926019958801,-0.07523133185328089,0.06408294560287124,0.23087485354838327,0.10059040729748277,0.1278037254111062,-0.00674106864352455,-0.14261047958507186,0.08873586151760286,-0.12535024900381886,-0.04391426389429533,-0.18064941071873802,-0.009261316105789568,-4.045093544007968e-17,-0.050451826735407136,-0.012380208488195089,-0.11733682575349635,-0.12403622250457301,0.20847397062144743,0.11801974230537825,-0.09071032810551849,-0.05452471384302547,0.030675344120041092,-0.015241690251187257,0.00412426550085856,-0.03676796634707745,-0.14513801621862016,0.0630612625787144,-0.00856717200694109,-0.1347621230113552,-0.14345791197198776,0.020253409856207532,-0.24200219210177382,-0.029048072151112447,0.1097529961617023,0.0630649333309912,0.1163728549767897,0.002520287279076175,0.12038704534641614,0.030572622968348524,0.11830605940838412,-0.00114159681696327
42,0.1504323699732605,-0.05655212200490227,-0.02524632602095527,0.02879575494185398,-0.2475973167440107,0.004135744311955512,-0.016441028478644707,0.055588286638438726,0.3030257595894191,-0.2196523892583722,0.08365605027426096,0.11358302673884552,0.07164878189672756,-0.12512958757739542,0.03970101923979034,-0.001565706841984035,-0.1262092542980389,-0.002505590774328554,-0.018223053234685573,0.06602734925991509,-3.9277869437328216e-17,0.19621027153798173,0.03433162094050838,-0.19982425106759946,-0.11716093987606677,0.016557609016565188,-0.006545447593927967,0.04100484459071207,-0.03777363527815787,0.12475083970431028,-0.09385025077437725,0.0016946783404994182,0.07091840310665608,-0.07398366127034899,-0.010316323057320706,0.16515572810570717,0.00888347398888706,0.07009313356030139,0.0021221208536678217,-0.05117056807571359,-0.1156778341176947,-0.04715251955063554,0.09316389630700347,-0.04819473743274833,-0.09626498957306469,0.012132983586886635,-0.01479423646185225,0.01181387588994698,-0.05708576538530029
43,-0.03585599221057366,-0.1573489192555193,0.0377712569408784,-0.08512178208213436,-0.04027566958357526,-0.1735943012885033,-0.06172791216171138,0.00421877026005583,-0.008312226457104036,0.01011295400570909,-0.00011677848523916042,0.15136340393176925,-0.06138108702766583,-0.018883478373698515,0.1558138102558961,-0.17982563444827493,-0.049641620531760355,0.1420056321232,0.011787387166183806,0.1757007854946072,1.457408932662966e-17,-0.06060766137697451,-0.016698422679558227,0.03232508320764272,-0.012689423554495056,0.06046165835481889,0.086775233488521,0.04865541248081191,0.018385262571370013,-0.029730745928940972,-0.0016278781112242474,-0.08982849395999803,-0.13275682771207512,0.05329294623751312,0.04502769750690719,-0.18095816616174187,-0.027146404162513807,-0.07052007144252007,-0.028182200698309203,-0.05315258643471102,0.021219897273751474,0.05477222857098843,0.188721906364195,-0.045778203288764086,0.01974030465232758,0.18804947368723873,-0.054249681895189944,-0.12095638737682117,-0.11150053329516896
44,-0.024400283633506308,0.0014624229296066082,0.002339423172067146,-0.09833220972008468,0.014004496973992659,0.04219695119267664,0.031217439334298217,-0.008345342860217982,0.08181904484367823,-0.17237708212385308,0.005857566793415034,-0.02376575172746323,-0.012322195329298414,0.0012650605720958866,-0.02628573676350929,-0.05873648347356634,0.2430984609419697,0.07043809385265482,0.16047310095771877,-0.020869790712952484,-6.075657286152659e-18,-0.07999673420250422,0.032850388642627924,-0.013976801758241527,0.07918965087706324,0.08660809618521993,-0.12396008305810223,-0.06191313984828699,-0.025663134338026274,0.048192830965979726,0.020169604197671484,0.011250787670696087,0.011653608223057364,-0.08552948162551163,0.1157931116817872,-0.009962958244572205,0.0818658458648844,-0.09791456007240336,0.04333126761703403,-0.04545440823421069,-0.03847854888335353,0.17616296734080855,-0.026868318280798675,0.0473786371145385,-0.141823192783677,0.02795941770190203,0.023802940383716203,-0.04088237911775599,0.021931454266341806
45,0.07193479916108639,-0.04062230671858021,-0.04775506583256267,-0.004359917222986955,-0.14164160253766175,-0.05316060963397051,-0.060697102205928194,-0.10610785975793367,0.040194331470552735,0.1720696973210465,0.06790441715254734,-0.09502132825731269,0.007294798537413446,-0.002315560893887863,0.009334368445566682,0.045824029498463266,-0.030696897412618704,-0.1557318053357706,0.0411407531024731,0.06781683897327032,-8.344617817840937e-18,-0.06467345770855552,0.006636751568578585,0.06027863499446987,0.012788688078350105,-0.03255911847339499,-0.12348772756636471,-0.02290782461099079,0.053895718262385,0.10344450762661764,0.05377703229011544,-0.03549211630347445,-0.04712787684455874,0.05407923062046235,0.09017087105367193,0.045518543378431114,0.057754866911742204,-0.01118887225557997,0.002482307445939099,-0.08081223628863794,0.00793566106280579,0.04944862887592105,-0.008795992225727528,0.1044412609870723,0.01728380420034947,0.032261129308283495,0.021857876435863302,0.04717038603886815,-0.09488793659188112
46,-0.011861594789436906,-0.029652308625383237,0.0972338690479973,0.008500328966771048,-0.05832653919173021,-0.04872133721178605,0.06362315084468574,0.04846793686861475,0.08934559329840266,0.05156322184563381,0.06845392240681604,-0.07145186930251402,-0.024144366302046725,0.08682487918435232,0.009833216238131926,-0.03589598466937267,0.12660580987452663,0.004652618240511475,-0.0773397734786401,-0.024566133966324344,-7.53233865321643e-17,0.028057952940755977,-0.010714797516544666,0.09998902935829179,-0.1083170591214178,0.045704486231499926,-0.006119964109813416,-0.012964609069824926,0.06422987124782288,-0.051891484263611815,-0.009132163386831899,0.0010627454817058951,0.02865512008593927,-0.07357235825458998,-0.05768853253447306,0.02204260086921047,-0.021816515917747976,0.018808003469995737,-0.09359627016115636,-0.09628697864401842,0.09841004525077832,-0.03432968191129768,-0.047437661484980846,-0.0701430334578048,-0.042253921333718525,0.045218819843942666,0.0016008070479729976,0.02179869351118991,0.004566450431703803
47,-0.0026202319815277946,0.03870718296558447,-0.00461709767189027,-0.00964749566735106,0.020604077567802474,-0.031739987903793045,0.06658835813423854,-0.06044566680170037,0.015168638937357749,-0.026493326541219005,0.05374384300031753,0.040770472534112395,-0.07932599387547389,0.042738508226852365,0.010518322205247567,-0.02769289295824784,-0.026698767210050562,-0.014500214721567381,-0.010846526085438297,-0.08720974807075536,2.722587436515611e-18,-0.04882406789226617,0.05619654641569796,-0.04166273616603592,-0.019946761146144073,-0.0532574945865956,0.06660918519547453,-0.005823040886819129,-0.017690194998099266,0.09471497280319535,0.059052022854264724,-0.00875894300999959,-0.04265560293306086,-0.026019664687000454,0.04361465326873333,0.021366023746762684,-0.0036274272665402373,0.06359070187539945,-0.03028101520099899,0.048810689799840795,0.07686600249713268,0.0245908496819983,-0.04196028000492941,-0.031865112642296946,-0.01702953570325083,-0.03603066754421188,-0.022416057104795266,-0.06098317202491026,-0.08761675238968893
48,-2.0444614230055002e-38,-8.608258623181053e-39,1.3773213797089685e-37,-1.0329910347817265e-37,-6.45619396738579e-38,-1.834635119065462e-37,2.582477586954316e-38,-1.2051562072453475e-37,1.3342800865930632e-37,1.3773213797089685e-37,1.6355691384044001e-37,-1.5494865521725895e-37,-1.291238793477158e-37,2.0444614230055e-37,8.608258623181053e-38,-1.291238793477158e-37,2.410312414490695e-37,2.1520646557952632e-38,4.734542242749579e-38,-8.608258623181053e-39,4.364905684238118e-08,-1.7216517246362106e-37,9.469084485499159e-38,2.065982069563453e-37,-6.45619396738579e-39,1.7216517246362107e-38,-1.2481975003612528e-37,-6.731927251409558e-38,1.2051562072453475e-37,8.608258623181053e-38,1.7216517246362107e-38,-1.5064452590566844e-38,-8.608258623181053e-38,-1.2697181469192054e-37,7.747432760862948e-38,-2.1520646557952632e-38,-1.7216517246362107e-38,-8.608258623181053e-39,-1.2481975003612528e-37,-1.2051562072453475e-37,2.065982069563453e-37,1.291238793477158e-37,-1.398842026266921e-37,8.608258623181053e-39,-8.608258623181053e-38,4.3041293115905264e-38,1.1621149141294422e-37,-8.608258623181053e-38,-9.469084485499159e-38
