,Atalanta,Genoa,Inter,Juventus,Lazio,Lecce,Napoli,Piacenza,Udinese,Cagliari,Cremonese,Foggia,Milan,Parma,Reggiana,Roma,Sampdoria,Torino,,Bari,Brescia,Fiorentina,Padova,Vicenza,Bologna,Perugia,Verona,Empoli,Salernitana,Venezia,Reggina,Chievo,Como,Modena,Ancona,Siena,Palermo,Livorno,Messina,Ascoli,Treviso,Catania,Cesena,Novara,Pescara,Sassuolo,Frosinone,Carpi,Crotone,Benevento,Spal
0,-0.1381399369388991,0.955702004809208,0.41374979493369446,-0.33572941593263433,0.500889848588373,0.4069599767729658,-0.16561624918976262,1.013035266185268,0.881100906588437,1.0229636261526434,0.9770933716783734,0.710156922354669,0.6612304480890979,0.24189982154426298,0.8024080305017357,0.1407008149679104,0.4796907517015904,0.7628147558475176,-2.600085197357799e-25,0.23456133784513533,0.9216368160908118,0.38987971510728264,0.5437745271453871,0.9685536923941811,0.5447910355705969,0.5003137653389418,1.0490077039683205,0.8177220344002134,0.9060230510983052,0.8350264666227872,0.9470951110101372,0.6856165456907372,0.6449107555287128,0.915437194677466,0.7971536683506717,1.1254689932222959,1.095968994322594,1.1042190889206986,1.047453920917204,0.5337680501994623,0.5778113388891232,0.5133140954509153,-0.5949260634071519,0.028341347818673222,0.5990646719259559,0.8857890786638111,0.33979919164711725,0.38093289230481464,0.8926037387973593,0.8510295394797341,0.26051705377729173
1,1.0981092985056806,0.010012551878496059,0.7601123594836084,1.3121754457255823,1.1042927310052815,0.8156038127063405,1.330531175112028,0.2507314450729268,0.42504773730564455,0.0895790143561561,0.14145929945549351,0.416897336868277,0.6787641896642473,1.2348411318361223,-0.28019298580813623,1.2773849948601297,0.7741576860579684,0.5170388937671871,-1.3435271981213548e-24,0.9312083663472778,-0.29333610251780334,1.0764040767371261,0.08215411530319008,0.09384382020593598,0.36079892622527304,0.9359488117794006,-0.1833129041491824,0.24749640481438906,-0.03685072838712194,-0.2891588601758663,0.13376892935451126,0.4594165747909966,-0.28635896100139435,-0.14115542433114753,-0.08494258288330003,-0.585661103164089,-0.3971292043816419,-0.49718676823108593,-0.3269492285644914,-0.2752560735906532,-0.6741711842667361,0.8836079961000244,0.4486491266828966,0.06214058237783041,-0.6741644213931752,-0.420851917084088,-0.12624845474014515,0.070331041935567,-0.34095297576591727,-0.5023665667891164,-0.47622159551609666
2,0.25954642339494227,-0.23321385329089572,0.5622711183978594,0.27009773582116914,0.03495658516640029,-0.9500297283196714,-0.13430913290044752,0.4970511821556415,0.2174712264012174,0.385160318639042,0.6978200307839053,-0.1657829765494718,0.11845910347950671,-0.4576219935612186,0.7987138212508446,0.2466151167536728,0.19572752846565136,-0.23275969942453936,1.040956230681749e-22,-0.9603725986796077,-0.3464631129894687,-0.06463833211884695,0.32149183170574686,-0.44594071888864134,0.7084925366701315,0.06967380608855614,-0.4371870789153373,0.7684479436770243,-0.6877437566707091,-1.0593641881826181,0.1792146885144669,-0.1992853868087698,0.24892272707030696,-0.005770242904107789,-0.5246044017305483,-0.1955113404071048,0.36987752663638224,-0.08181860348252257,0.27889794176898597,0.2797631319395801,0.007623323073565409,0.03529739418044318,0.5489880297282419,0.05073471716265083,0.8323620333899311,-0.34273597442113,1.091782956923659,0.9856639994762344,-0.4709424439975542,-0.740695798696621,0.3841234427682314
3,-0.1543213353849643,0.7765340573348656,0.7710445789573817,0.18755473720201343,0.09883838346884932,-0.5744560348187605,-0.013247974359310412,-0.13918042732257774,0.22278142487280783,-0.03370519652893704,-0.19543650752890057,0.06429177841799286,0.8511568485708333,0.05953160858194331,0.3182292631318855,0.3920469442412077,0.7101070861128123,-0.5131238646531294,8.510751662343625e-22,-0.5400031711832297,-0.24211205637983316,0.2989566256584887,-0.5786690193783222,0.4640571173987579,-0.5813653552917711,-0.6535418815162011,0.21475696554669332,0.08259926658910959,-0.016443603267061454,-0.1802215282526786,-0.15763764030739202,-0.34254657072024997,-0.5762127504206168,-0.24979672928740454,-0.5507093144261178,0.14503699844437154,0.5677407547909518,-0.11502372397218989,0.032979370789234096,-0.7809444645667234,-0.6073199058294207,-0.47709889721384663,-0.969472796820016,-0.09543786173415138,-0.4298506491593452,0.1949838140508606,-0.3155849248209843,-0.3321638657333192,0.38668276626571857,-0.07125445175332924,1.0284065736911274
4,-0.2870121035558096,0.11555535439646131,-0.16422381866121452,-0.03454931541837234,0.4456490027758625,-0.5500185426636182,-0.25918679121025656,-0.017305451035390818,0.8024796764368692,-0.3346306000027891,0.1858750514402867,0.07012917339695661,0.006670400183040124,-0.2735410935817809,-0.27975004055234326,-0.16292672614816203,-0.35700120682951186,-0.0646938902809006,7.642306612694828e-22,-0.2819974659899709,0.46935424159518824,-0.4187237208313776,-0.4514049424398629,0.32726757163361486,0.6007721802184569,0.4518548089637947,0.6112469286151011,-0.33241064563552797,0.20431369333730642,0.1839023807759226,0.6692964713395961,0.7936817180684747,-0.31669310179421467,-0.3710737474924344,-0.05181621205505327,-0.3232401794175615,-0.09512046423129268,-0.16904592929291,-0.1315378778758003,-0.14674310248882724,-0.29137381255562983,-0.04243704590140478,-0.17608974363445337,0.08151777172073456,-0.01160806222986638,-0.451927196203816,-0.10228828774744501,-0.15421879983198292,-0.6259773232714091,-0.35617400703964114,0.01024347203689654
5,-0.2418605161392622,0.2207988241517551,0.11862057265776273,-0.6881365216081196,0.6283822539465415,0.10159719889010528,-0.6094500328238169,-0.3128469506970933,-0.08839175481092182,-0.40583007674244054,-0.449664885385757,0.034247130938029474,0.6436513344942156,0.22556483895749974,0.06261484560841901,-0.007111376872783097,0.07036001966579129,0.10846376114098892,-1.2267435553416532e-19,-0.06754330002248309,-0.3643810758040337,0.36286070539881726,0.06178513535192614,0.388178304815442,0.17317654870002314,0.2449768352858075,0.006508174120604995,-0.14873802855121335,0.31235761334114936,-0.05703135139026137,0.021711223040070657,-0.597655076952501,0.12916419215459424,-0.2714739660640629,0.10438414331382789,-0.27873400023945816,-0.47349808023134915,-0.16059266273269446,-0.4984310935157881,0.1436165470722701,0.09401898520153135,0.2285887544784444,0.2641485590858538,0.03698255882520962,0.7206087182181428,-0.22803618370551387,0.132369420033462,0.41298117774982,0.08786323720862806,0.46876861216208054,0.23937441100779364
6,1.2131149509232693,0.02829999358257414,-0.7049882818295787,0.18097402419076988,0.06971575590363244,-0.24018484389357542,0.2719494262522201,-0.40515197725585494,0.17730187634510544,-0.6194899093242252,-0.24017118413778932,0.021347363204883833,-0.44512856455739147,0.08335987398136432,0.35688994562188064,0.12853251564248178,-0.08408039523719917,-0.3884441500995817,7.157809393978241e-20,-0.15895482938394767,-0.05315514272141104,-0.09382350576333601,-0.05172022307294244,0.25923257061019417,0.32917234189674166,0.15974645638874158,0.3163391707123861,-0.034128443463818756,-0.04767210379256785,0.12471829124866088,-0.18685148293392664,-0.03711284558063889,-0.10782290396106335,-0.34142313836331334,-0.23719374823962056,0.32362781578850613,0.4110122743059027,0.16719875003142132,0.06917199960864055,-0.18724657850427406,-0.04637907015968635,0.03919084244419766,0.13581347650531944,0.06743838495218614,0.1761850241336636,0.03878846254536384,0.0321401583411319,0.39160711688756,0.5234403864091963,0.5087196936052684,-0.08613543485992299
7,0.04080777120366118,-0.584981645944825,0.5672485193341718,0.10299736914734414,0.07347787934253555,-0.5212693283169496,0.3371100727555887,-0.15442826006484464,-0.10731015506730714,-0.4015675158254562,-0.15091222113859273,0.09882059681350432,0.2556144761780196,-0.10095000487980513,0.357802790765354,0.0029355346853751,-0.6015395607810076,0.4199319110691025,1.238448942056323e-19,-0.25648850477782703,0.32316764842916407,-0.019610878504827706,-0.0005238145345811437,-0.45555652325728957,0.3569563677138651,0.2169722757885642,-0.22598783860759764,-0.14319515896785304,-0.07970732953881493,0.16349074474442316,-0.028344394949033395,-0.09117786172680695,0.2802773649556606,-0.053219372558767145,0.12142225987385993,-0.28545114397970145,-0.3207317848497109,0.05943658539883644,-0.07133586545507944,0.29475635430376607,-0.40037087920798065,0.29798913290251244,-0.6417155397418165,0.10095870991871647,-0.2045556367266581,0.8721748867887716,0.024907915879893244,-0.11888932002790245,0.2861505126861904,0.29418599302523185,0.11154953225489887
8,-0.3776003550695608,0.1795111961714271,-0.3925549534191183,0.3261094209462095,0.22430295529798855,-0.3556878047044509,-0.06689792225407727,-0.08895811877383229,-0.7070705292173618,0.03385166926155045,-0.16147134153843662,-0.18977144816165223,0.1998035177660227,0.08421742501043582,0.2736439123638305,0.26515678656646513,0.02511886832064344,0.008138298943084953,-1.640077910799019e-18,-0.21330378184837154,0.2963407491933904,0.16818028173139324,0.1391753994075923,0.09340193677351931,-0.6458519697247305,-0.1010796007294876,-0.09369298396851412,0.20324018143465264,0.06441739321328148,-0.1003155000257696,0.18482449420908995,1.018108521592303,-0.12130686183772366,-0.3171599617494289,-0.14590459405917594,-0.14688825906823932,-0.5216924167840177,0.11819805706662023,0.17687209923387204,0.2073341595051948,-0.017310492798075068,-0.1702580901071859,-0.00021897860536772867,0.05245938617612953,-0.1781170790859852,-0.1851632341983481,0.40587978290487015,0.38205967690841247,0.46643491769433937,0.2297824299939584,-0.3393152432101335
9,-0.19789676978267287,-0.19835040241037116,-0.488748907215428,0.03146239366817118,0.46341667981226925,-0.4348231284525864,0.15599077304641493,0.17851460608563435,0.45712783811564184,-0.23076986612445077,0.023762900873688198,0.04638580005524402,-0.45612779080890703,0.25729316039395383,-0.0533330079265388,0.41811779660192583,0.7805752871991835,-0.21895898193046817,1.5073265606846112e-18,-0.12445488660552949,-0.0545818298795334,-0.3207554798758532,0.160903664152862,-0.04274874267536089,-0.5547196822591569,-0.14039640949439108,-0.16449956707828348,-0.06544212740304638,0.03841954914543318,0.15793090086565503,-0.2115194513735823,-0.059450868044357945,0.43946986194923254,0.23721463266105192,0.1054741616349162,-0.31403623371646566,-0.07833362452177754,0.09820722815715865,0.049669085575131854,0.4182494964803083,0.07982866093682536,0.28223904829206675,-0.1841567233783117,-0.0887486486081292,-0.06360703880886592,0.15244786731668378,-0.04409613755513711,-0.04922182891506608,-0.7037806369148638,0.49427815524175966,0.40883451536311444
10,-0.10759421708683425,-0.05236664195221474,0.8666174795984412,-0.4442101325161294,0.23644847982344622,-0.07187370441460596,-0.0180525147882655,0.20163116850704993,0.46308899423165223,0.16422080604185085,-0.19416290016240098,-0.2960272555769595,-0.32374927104250706,0.35555020465017695,-0.05859919979639481,0.5169548469455428,-0.28479403501616485,0.08607986513263066,3.4047707739389396e-18,0.10436427115123216,0.0437473969006245,-0.6478659646040908,-0.081759736507044,-0.09080074389315293,-0.2875792778380665,-0.46898293434975413,0.4682833678266682,-0.057271668355915205,-0.3396027370460659,-0.09789753330912691,-0.1566390497958534,0.037520087538221475,0.09216320326033083,-0.15285310655609743,-0.12608261504436638,0.20285084384107543,0.06971800029774998,0.10005457674364517,-0.25142340374361666,0.08300918043710254,-0.1043097110511474,0.014482031433446316,0.2952263640591943,0.3479252348472827,-0.07898278049633108,-0.2095683552000929,0.029019619609239673,0.15528567465902235,0.31518812932494317,0.2756863459320203,-0.5416724963482252
11,0.32702351135657937,-0.08658698344491209,0.04400889863981473,-0.2913471776732411,0.20803595284883097,-0.03300387982660489,-0.5760816883742729,0.39543993515107523,0.06495344604591534,0.1760271138991522,-0.08803705218956723,-0.28520479591172393,-0.29193409547614335,-0.3948739205113889,-0.44859914907122816,-0.00696111446760352,0.4432921205790998,0.15913956314798447,3.986869056874517e-18,-0.3401638082909772,-0.5199546596627488,-0.010581508647106002,0.13216241043530152,-0.11752012061932465,0.23918374156907765,0.2931810901918126,-0.18546619786561735,0.00015954396943081432,-0.09601966011776167,-0.34326123983195517,-0.21449599666036714,0.5817211331640048,-0.26786640454236427,-0.05383419916916351,0.4435201651228443,0.1761268632200119,-0.28187421808373225,0.22912144247134855,-0.17390797225180543,-0.2842383931650613,-0.1246878230838438,0.20141313254304735,0.017250040620883415,-0.1833335814916438,-0.29795560025004586,0.35142455841422837,-0.2031742564619939,-0.07256720896042584,0.43203797122750104,0.07106086919125292,0.20824778691256626
12,-0.12232686577089234,-0.17634480659226912,-0.04760620198111352,0.13481478367040206,0.11837554339015544,-0.3841093281343552,0.2094772865211766,0.016108312142504952,-0.22758050677398609,0.1119035577597191,0.18213767348834323,-0.3208592760212417,-0.06388267327248007,0.0284379481903605,-0.4790528263148496,0.2808219301113527,-0.2819267669894386,-0.016696664275642502,4.364164923347124e-18,0.1693701918069051,-0.16591151394421222,0.44911450539556247,0.32615967930983897,0.16625135695505222,0.5302502522017344,-0.2699068242699177,0.452700111660442,-0.12029325552872043,-0.10099486989904437,-0.29640293880470253,0.3593246671075802,-0.4421093121023884,-0.14551322416246726,0.00019345139472347545,0.29217550134350345,0.0638525799366822,-0.16584383490886853,0.17306813473934257,0.38578180902587583,0.08040079707421195,0.014196099922022613,-0.5275083762927646,0.1434714157405488,-0.11124074010267981,-0.43079994647481923,-0.18387962251723447,0.14288673727051662,-0.1393724670377433,-0.12652737773949913,0.6085977731548474,0.2742024684471945
13,-0.19937993226952247,0.8110756281133927,-0.038052822006826505,0.6234478610322435,0.2068472763580242,-0.30801570901154307,0.37189388510690524,0.06922315481095281,0.01998862859947638,0.09091710024100401,-0.30303948290606836,-0.1897967401849742,0.08743829546020136,-0.11949695479309384,-0.20889422701718358,-0.4251625071354753,-0.4101834955697236,0.3130086017670949,-1.8145798394386576e-18,-0.08336870160323186,-0.704136480954242,-0.2583668070357717,0.39778157812306597,0.20155193562306928,-0.18219384076246828,0.04520282818760805,-0.010396283637936002,-0.15492999677006267,-0.05143442196105778,-0.12875481134949116,0.027159832369549698,-0.004549459341615787,0.006495305240478325,-0.06782488314742624,-0.021257055455196513,-0.013988216568027189,0.34121438612701566,0.15032701140662807,-0.1422024956303556,0.1496206209289742,0.03444452888953713,0.19525706137485282,0.16868396976957203,0.08027004026692493,0.2366169493334778,0.43660740946465953,-0.1856633494123458,-0.08222034773640696,-0.19713613488619097,0.016169316206983492,-0.22404939395972198
14,-0.1093622131709048,-0.026137027040681837,0.32063049739172556,0.35628657940132225,0.2819550308466511,0.09375305833502742,0.008378173204430574,-0.3183696016383083,0.18100553757734184,-0.03614203738605035,0.13754178459271155,0.34888116256235496,-0.01642217956875516,-0.1633569158710541,-0.18010757232077393,-0.14669657853701773,0.13734583035343106,-0.2872373320684993,-2.2110774275565444e-17,-0.29820458230290353,-0.27008574217066716,-0.030789608896811517,0.1185836894384099,-0.04661355128987179,0.30655374390853185,-0.06003191414677154,0.015443629062904678,0.35354708276007835,-0.1636929343863953,0.2759976178762225,-0.27404153339178,0.28608307998993016,0.27801051107278846,0.2603243789916909,0.12640125592025744,-0.34178226149139396,-0.004538998188906351,-0.6212231872472632,-0.08635550517027075,-0.1672801538632873,0.6304829899332501,-0.5634289800745423,-0.1385517812893316,0.0718973141736943,0.06388107444398217,-0.05142497686123227,0.02540620777905059,-0.19407508720433073,0.2974263669615632,0.39055512389088226,-0.3527208344618192
15,0.2987431954662509,-0.13903565448816513,-0.2957137553421556,-0.3004512592488577,0.4360406541360465,-0.1070375750880759,0.28375589009329566,-0.05635517296025582,0.2719149054732897,0.2660781427988569,-0.08396855080177822,-0.18055730604774167,0.24584407775951764,-0.0019499392280009928,-0.11356199452409761,0.06969116957385307,-0.2988551438566152,0.2651309081913569,6.975930188354629e-18,-0.4881219590914875,0.33910624755666535,0.48609717750707787,-0.3060347728469903,0.08080696643776294,-0.22998709848197585,-0.3765035379165321,-0.14555602661177028,0.09011470429757201,0.016836506591728004,-0.19206138550361546,-0.2684155421104217,-0.09438905305670243,0.04070916387797678,-0.26995606437746844,0.3877939135294796,0.0715876048881347,0.08216517860385777,0.13601336065459838,-0.006526084047108956,-0.2627264618307856,0.6184044728723312,0.03868589120103688,-0.08226549479439442,-0.01568964499132727,0.06672028384027562,0.12845430425764257,0.13066580653046486,-0.24844180941777044,-0.24197943807045758,-0.2990906422316991,-0.305739815734682
16,0.4448753164706019,0.28436638910513534,-0.15252055479057322,-0.3605459909681002,-0.22054306817306804,-0.24316911870226868,0.016796824254236627,0.09447576439406384,-0.0541224660545287,0.4716404964076388,-0.10771196843359807,0.33703550088645423,0.21670151406513724,-0.20977747548898573,-0.18302796336077531,-0.03179153705969169,0.14315889997225914,-0.07808149841003152,-5.780455332105769e-17,0.019856948721172413,0.029624159141563328,-0.30701241864616513,0.4666399070863846,0.12900333496057526,-0.09811479565454807,0.05795670476029597,0.16073289775344943,-0.044742688921346085,0.029371877001334364,0.19571181036040133,-0.016427724746847137,-0.323000780338477,-0.05413100822126532,-0.15679280984176092,0.17921122262720152,0.0017291274535964113,-0.1634188714237657,-0.5569698161327367,-0.1356895721923394,0.0752163711879251,-0.25981957529936106,0.06542115312080438,-0.39697750666675713,-0.04529388142064039,-0.4035589600091392,0.03576014524149538,0.6276096220892252,0.14606144660481382,-0.1723723160274966,-0.01702503964174688,-0.38991748137111837
17,-0.35210848577076304,-0.11070828153285352,-0.1386203475339049,0.15252744139869334,-0.3489425158868738,0.04162393966258337,0.3522937963986858,-0.003501847943762032,0.1025519169712778,0.1935243791538231,-0.20133747889732145,0.011403876625060528,0.21851295282758482,0.30243259191233124,-0.22642349163897432,-0.2862688019350903,0.5957756681804168,-0.2704555636087865,1.4862620534462766e-17,0.002818397747371007,0.2586587978039344,-0.0741324408773114,-0.06874819266353081,-0.006854670228681734,0.5456381216101159,-0.27918759098163876,0.32541525452752706,-0.23324821294409565,-0.16221931360780786,-0.24190308005949282,-0.08650755322315773,0.055331699984789665,-0.005230248922141516,-0.3352124433185608,-0.04642284996090987,0.06141526867716788,-0.2722857919209331,0.13357083674230746,-0.26165749694373613,0.09953505133810059,0.32621597142222813,0.08588680526633846,-0.0424240168661538,0.1473148324845539,0.042598860211540586,0.45110895148356916,-0.12390707223378417,0.500157003602212,0.09122781604278489,-0.1574997510472241,-0.014171686904852307
18,-0.208820308281748,-0.04136790937421679,0.45592643410124517,-0.17980697133375909,-0.13505389823100358,0.10841417692820811,0.3721515704176588,0.013397293549594973,-0.28120269585640767,-0.5043228138056808,0.15665844476182617,0.05709558138301869,-0.26675397590520633,-0.12328723420988974,-0.29163731424164974,-0.06274450952920474,0.3488633373710725,0.06556441253011767,1.3947271120487595e-16,-0.26435577434431756,0.08865377435694755,-0.00904202868179502,-0.061235635995035044,0.4339850114503946,-0.06796904144680091,0.26589093107652223,-0.17975619954307848,-0.07942968159862386,-0.10789345490354149,0.21986719397836996,0.06438257920696688,-0.09990444161485584,-0.45293097023315326,-0.02051941112582805,-0.1087173761558713,-0.12002010853097493,0.188871591556373,0.4894076141891141,-0.09511209933216344,-0.18198039027757365,0.19657773466094677,0.08203961136673328,0.07363157578664101,-0.09701222387351062,-0.01670372077794352,0.08713869532869556,0.6484206015093107,-0.0647389343612296,-0.12075748860831846,0.10877438227899147,-0.24488944643480798
19,0.2461539600910071,-0.0198080312322868,0.24635767812590156,0.2845479600828454,-0.18956593876043037,-0.1382461881992193,-0.2023307143554194,-0.4679859840131017,-0.05668588088739466,0.28393448251823433,-0.09284124117781514,-0.006765942819307064,-0.15181706300230224,0.12237482703060922,-0.21742333942442732,0.2687043144377125,0.31990389747406267,0.20036857679636372,-3.350576582193379e-17,-0.048865650755481015,0.010023507975956237,-0.1006033919283865,0.12295263641736706,-0.2538182274542149,-0.16111836125287052,0.24142149269574664,-0.009780527163609535,-0.4703101589786106,-0.09264100195279427,-0.0740813400881287,0.43904325591821763,-0.10575868429297232,0.1393711502813806,-0.2357306622242586,0.06410785869871682,0.09646515107129963,-0.08899077485361931,0.21423528118918977,0.21749203139218865,-0.05027389727390221,0.24172974380392645,-0.01055266865249429,-0.5139265408909027,-0.12683684972325682,0.6126533191191683,-0.29859904679629506,-0.08664968906142899,-0.22683957955892287,0.0794210926466278,-0.06009804940277823,-0.1434550256667011
20,-0.23276390145993056,0.15799167927614818,-0.056061324695207485,-0.28339902468516265,-0.32417675035316473,-0.18995053425615518,-0.03613935767446747,0.12965003691607468,-0.118645292048774,-0.216078520111255,-0.32944935421042726,0.1464934278433747,-0.2104562485558592,0.11725825929150405,-0.15809073133418414,0.836061916361345,-0.15476209640391725,-0.14665794457288336,-3.0483807634003916e-17,-0.025006431928449285,-0.31340801050859596,0.36298973337107865,0.12721463464276342,0.07957334905466791,0.30012760283848744,0.047089198129832636,0.060571609615243376,-0.0812122897039371,0.13986875745031543,0.298418899498633,-0.21250724998761342,0.24243864059796424,0.18645501102036482,-0.004632334843929532,-0.023921036193354145,0.0229711403548294,0.1351353657713227,-0.10491052004543838,0.14186662058864527,0.1584311955620033,0.04249843792472223,-0.15328414991628625,-0.017040471991676052,0.0914370033722836,0.1860405294966792,0.3026573978589667,0.043208995176854156,-0.109100440694768,-0.005477805920818209,-0.5824305999405598,-0.07759878937012114
21,-0.2687076865458295,-0.2042071590014307,-0.05587859605699088,0.11085282653269492,0.05733891887647772,-0.24587643170299725,0.14393199969254522,-0.3094552418213999,0.01728156356833903,0.2519746101583947,0.27114433751504624,-0.23789961986001806,0.18473108419695183,-0.2687544691562203,0.1761624125383561,0.2904971042402823,-0.054426130263352926,-0.5958107906860965,-1.7371763870485458e-17,0.18540004894983017,-0.29344859213701313,-0.23438570194003105,-0.1662418210330755,0.07912176789823795,0.13340131333093774,-0.07311901009114179,-0.13530805337917323,-0.11095763235359368,0.4497331035188905,0.06050871283727276,-0.05114879765429127,-0.14074698843705122,-0.3394081083191869,0.28221234217769997,0.31857835266983514,-0.0011421597080369518,-0.051534533146045766,0.08756260291328108,0.017338029366751398,-0.07689851950511103,0.06663055522613984,0.6342967504654647,-0.0028169807132140626,0.07695038942200429,0.049929628722266466,-0.10633936555150474,0.043739184794386814,-0.09018988671048805,0.29654827674714357,-0.08644186366575907,-0.2679995286666052
22,0.16010479860382498,-0.06401998993805326,0.1988608432159662,0.4617663429973787,-0.3228226687504667,-0.22620479413735753,-0.314158136167786,0.1054746728031698,0.23091500062278505,0.12335432380175672,-0.20160982021858906,0.31276351089157545,0.15590016661913017,-0.2843685642619113,0.016994854825811718,-0.03494247430688022,0.07217596752782976,-0.033462440137367974,2.4977320354965837e-18,-0.3215024023092758,0.04825275401964626,0.32434970778632216,-0.25973741013682583,-0.021409364833594333,-0.2719374584128058,0.07923711251725304,0.36953010570526,-0.2874897936640262,0.1613029101492986,0.2854707909439906,-0.17247357542525688,-0.15997650438655264,0.1622947615938273,0.19634928170787658,-0.06402538613729795,0.041106102509277515,-0.3708342879760439,0.2436249936209265,0.07518239002846061,0.034209588679671915,0.003489588182327242,0.05616339333830869,0.684880466691065,0.02145044667754647,-0.16120028950501872,0.02706542898480267,0.06458720141016609,-0.07147520844941929,-0.06440080397027342,0.06578427094572174,-0.11091637309325185
23,0.15577657432943087,0.24828636894979184,-0.039491349716994945,-0.07850184217104676,-0.07477842280282262,0.07599319143999439,-0.24753226720689497,0.013040115142028427,0.06567937440092998,0.06850643633970374,0.28653296756473784,-0.22714106480188248,0.03398832232795946,-0.16822283938788557,-0.26854872086048165,0.15748387412047,0.00597403877296469,-0.08600040188643993,-3.397880764529868e-17,0.16921980990978577,0.2932501140207056,0.16257565510467892,-0.02250928010543699,0.07050050159998202,0.09901872245964077,-0.3830094382316227,-0.2494782941857236,-0.1290687664107989,-0.17415404815655042,0.02567522039355702,0.12381696432561348,0.07394681419721065,-0.026904320732874926,0.0520490936809133,-0.4566673027550558,-0.30687374007767065,-0.14676716993090855,-0.24758950707563945,0.3223337730412983,-0.29601379163794284,-0.20121903416917788,0.24516093446376702,0.14262025741180115,0.07290227277381818,0.37502571740083535,0.5326499109721544,-0.0486705898811836,-0.07062473470458318,-0.12430276714228547,0.3792598965466497,-0.22947435816739195
24,0.2108786588184609,-0.3229742485757003,0.3346096085968026,0.017580847905025603,0.09060124767500097,0.19781817612361913,0.17858766247875876,0.005984580806343581,0.20410953741378904,-0.033550276556697095,-0.1254682292656328,-0.4055126082933946,0.04428004187093469,-0.008806148978451812,0.03097133742266592,-0.2502973230696411,-0.06253379437438465,-0.3249902752463341,3.538549842698917e-17,0.04475347956375701,0.040031692939720864,0.13303509343084888,0.6112063101882245,-0.06133876056936914,-0.2603298590362065,-0.11343200061490083,0.020072399548637456,-0.3563827004079912,0.4545708762988953,0.1968502074820121,-0.01927678979268601,0.3163039208312748,-0.11873766767746911,0.0261379467585482,0.08144299869983695,0.07846365472355647,-0.013138574619319818,-0.08662534659338333,0.03205261034452959,-0.15746176986975993,-0.0735149229739015,-0.2814446591418078,0.028518522870261645,0.1592006283714346,0.2467270592432998,0.11210251940512742,0.2205308861222842,0.15920585588371217,-0.16051702303353507,-0.1254503242977286,0.29808432720191236
25,0.09345515259828176,0.046217480651584784,0.03499247571766175,-0.2623991748608875,-0.2725053174440596,0.183966650078876,0.445405853454071,-0.05700190233719679,-0.09896728653340128,0.045988514364650374,0.19945596780130076,0.45715441559379993,0.25185676153633296,-0.19915154229323406,-0.04598608659485208,0.2804279450238815,-0.14698377729400644,-0.23160676843502526,4.7210191278589734e-17,-0.14715403791101325,-0.11184675158887242,-0.30997774783541127,-0.09337855725516866,0.05627724931238953,-0.2312894528420103,0.17928273311927273,-0.1091585435585957,0.07126714578632964,-0.015327175880085947,-0.2825409199068914,0.18758873214440577,0.19790219018872462,0.12192124519958333,-0.247225536997704,0.31808808433058916,0.0957749451538863,-0.21543803104641612,0.07486265588081882,0.03819509802529097,-0.10226487856980847,-0.05544502271363707,-0.1900897327637725,0.27453433340935574,0.3431787051630862,0.18826776982569468,0.1112980401004699,-0.24732452464345248,-0.06415391559762118,-0.17867810706885515,0.2604937180532844,0.23950872363733053
26,0.2954917384782816,-0.12665850960727484,0.11768293767312847,0.01010245086726987,-0.06930649809313143,-0.008364171996126676,0.1567487044805166,0.3215388371387367,-0.1645208924661862,-0.21211585017818163,0.06075325143176018,-0.11760805284881337,-0.11853991033609339,-0.3201275228185807,0.04549603238724301,-0.03980564717390332,0.1501360330697718,0.024782356516235147,7.103313147176733e-17,0.11438354289649447,-0.3030677223691332,0.0946698375939012,-0.32424748006125875,0.0844976522876945,-0.11902832097733795,-0.43222065677767285,0.27729138728615865,0.2601702328910974,0.28670773606455197,0.05763234599655173,0.4512031701775318,-0.010411772375153382,0.18873191725040828,-0.047515713719200076,0.13558624014050458,-0.23291863710396457,-0.12222156134198689,0.025747957914144755,-0.27365419768188814,0.15549101927225636,-0.07066454034073756,-0.12491206997398686,-0.18851016312270116,-0.30988422789750686,0.21957664560516876,0.07112724302273919,-0.19288961203171665,0.17086933525789108,-0.020249351272471416,-0.10167404998428231,-0.2627439154558289
27,-0.11301593624389586,-0.035785230945827175,0.07002500133333527,0.16965184167545086,0.07668645094361413,-0.1911155209283682,-0.12378575435764652,0.2183232080204092,-0.23737014005101925,-0.20761887897752812,0.10581895068118274,0.22650636780556752,0.007451914948899938,0.1454371689271951,0.2372592715225793,-0.17143373266941844,0.23944458960540355,-0.0034942420395627006,-1.7504747855217936e-17,0.083841244938374,0.15820208891656454,0.014667461159622301,0.07332742237753881,0.03961820940557196,0.14734728710246853,-0.3361993046993632,-0.1132444728897593,-0.21869188147442473,-0.16253064136742512,0.07954757098473254,-0.1916897543890531,0.0647019047505628,0.025634687450281746,-0.3609834018254293,0.6375040463430381,0.19544751425787388,0.2270878754875376,-0.17043392606624364,0.0749520034792861,-0.09391672807502181,-0.38155927756219143,0.032943722016498284,0.2531854381196591,-0.09217076096253461,0.259866701092132,-0.10738916202787534,-0.0009060633077988634,-0.2703592773368305,-0.038842416670864854,0.01885177158150014,-0.18424193188589089
28,0.010425556349296905,0.11896013452067482,-0.25263066258885863,0.008234724522441653,-0.21376478141924596,-0.04425261159159855,0.215591074943929,0.1404464455016275,0.24067918211388767,-0.10420091121786094,-0.06334830337664024,-0.04404044849802305,0.15413300262078844,0.06497408539740807,-0.2618826023261595,0.08030040490879604,-0.03094302562910513,0.20926615195677253,5.204269922266643e-17,-0.016838798526149713,0.10127648135848254,-0.10168165651825158,-0.11390082655723283,-0.15522747055312952,-0.1152321418495763,-0.11674678997476662,-0.08568433302582672,-0.2516534105769587,-0.1428086091273554,0.037936281712486426,0.23358190483774782,0.008773746272360869,0.07184049045357305,0.3102117752556677,0.2949286606391805,-0.4105461629561262,0.18690812658912578,-0.14191708372915537,-0.1390634986088615,-0.10551106249944332,-0.04379453948723799,-0.02326039624574928,0.21038528040418414,-0.09382732526212512,0.10170098428413714,-0.1341207357713905,0.3125147158503404,0.04734647746904686,0.5811678653456633,-0.08122022636622685,0.33433798873579995
29,-0.061119491093651786,0.025715510768585824,0.08887254473107689,0.11942075225518757,0.04851229200552596,0.01827248894318833,-0.1781731024070207,0.18365177606984215,-0.20466468238986898,0.08512643484774196,0.01616099995698029,-0.015428850621368896,-0.33207897011318077,0.26781545487220015,-0.009946200085614545,-0.06001541048284662,-0.23472349475501378,-0.42076046589861044,8.640252121246804e-17,-0.1745250911824201,0.0289907335603292,0.18882572539544035,-0.015855877814713457,-0.05829734311336901,-0.2045019169758164,0.1441652370776496,0.07877437233556032,0.09485275441687901,-0.19967442015429693,0.20807313859609636,0.459844589861936,-0.16320043206547322,0.09553331744671989,-0.21145392431780385,0.20005842798474469,-0.04513749260760289,0.0808533691248071,-0.2195109744026834,-0.10650301143053365,-0.275878458581287,0.22425922740279688,0.3687441394648506,0.014632975366154563,0.15031305546661383,-0.17257263543809875,0.1629867528810734,-0.04921221839783782,0.14023042217715323,0.019880636056469097,-0.0388414621724277,0.1673483859251598
30,-0.016863043745020546,-0.1437550909917937,-0.19622240211478992,0.036435970552294035,-0.05661181438468581,0.0334754604489691,0.08032015769049766,0.18262864573926937,-0.2105677922202062,0.16072270862508928,-0.02580712149270437,-0.15543962999513158,0.143470452930729,0.12617521540435772,0.1217370681772409,0.1857772165927867,0.09444395450574704,0.2375657083759015,-5.237940251745283e-17,-0.40276056487891243,0.055707467963804186,-0.28205587101352053,0.3562409876746096,-0.032846855661189944,0.23034429493924546,-0.11288802235317898,0.06741709796038058,0.22382581919131628,0.15399726419888782,0.40334133197694994,0.08557765193150788,-0.13376919223581696,-0.027857400893448958,-0.014065667768513444,-0.2255810513801132,-0.07028669101858227,-0.08693491392090522,0.11498828518880502,-0.25384045819087725,-0.35992971075562663,-0.04790307000806722,3.5511803589766554e-07,0.1387589498112573,0.06761186618246505,0.07989350659380412,-0.12825477213573117,-0.20739348156679194,-0.26386326255600967,-0.011183380549373559,0.02271028005377391,0.02705907838273389
31,-0.05246689787719724,0.0180408749085677,-0.06631458641989324,0.22377596907070063,-0.14144086867069255,0.22083028400432908,-0.1819713155674426,-0.34713413010130256,0.045908856767661474,-0.07876478847998641,-0.03900832087122556,-0.013700151526409765,-0.0441376030689072,0.2429592544500956,-0.09176215146967438,0.03971519479450449,-0.13365999570889533,0.11202779224118758,1.9329115009547822e-16,-0.12688916483242313,-0.18455383019448224,-0.07677529190168014,-0.150367028201913,0.08192011345858358,0.08327447856127441,-0.24733369636558838,0.04823362425931996,0.20755306860481312,-0.025529115303564814,-0.04349226654457302,0.011926306279359755,0.12524357473937425,0.20754941871384056,0.27894523848223984,0.21615645260021588,0.2501584750631866,-0.15590736181760276,0.14150345030630854,-0.11021770707625721,-0.30234365270213914,-0.3203296931624606,0.08076055289133764,-0.17849089373675436,0.04053282009821967,0.022399954940210756,0.06333471023900937,0.38837042887826456,0.14824495489697442,-0.2821582794860112,0.012164739223881407,0.024698927451758123
32,0.15774543032393085,0.18630041078732118,0.13367437133027016,0.027813516406893224,-0.12268038967701944,-0.06130849816092334,-0.17228130044656587,-0.07237786867267859,-0.14803974626017138,-0.09321394737798251,0.042491017412504904,0.09066255132459461,0.10219863326797479,0.04575960549906117,-0.241811749614798,0.1023984928978061,-0.027874841734516643,-0.10730357022703961,2.1993786907004185e-16,-0.18628615624499997,0.23151817196717234,0.08481170427547509,0.08310717691898666,-0.25540273924187534,0.13905720190536988,-0.1877730034768277,-0.26749998899215294,-0.0944455673676762,0.37617551094135415,-0.14224966725501864,0.06927070608741868,0.11236273549619526,0.011905169017752137,0.11640197473379633,0.02048087485027327,0.020184810139163963,0.4139855036049226,0.1020442163845832,-0.35087647483297085,0.19455121172524445,0.062325011382314104,0.06010478530375389,0.009693407627170629,0.060053748582377116,-0.22003285094682373,-0.1537231350672045,-0.17369572517889664,0.16907733000088737,-0.15688977923859734,0.1917009023730812,-0.09009378236470067
33,0.038947344979795503,0.16369723392976898,0.14826810278426297,0.05568703730802197,-0.23043236549808718,-0.07041302866087584,-0.10131559202800611,-0.17099257479294913,0.31209219657443443,-0.2538604836803341,0.07032061676891445,-0.10898200995710874,-0.008738459367611194,0.009917093004234101,-0.02017533590199278,-0.003096924304793622,-0.04406708925075217,-0.03780009331538826,-9.494154489226664e-17,0.06981929118576656,0.17408019429989005,-0.095503993626296,0.35428131485292685,0.3108222371950343,-0.013826922635439417,-0.07892332766287098,-0.23686742650228226,0.29089920111572865,0.03223981035718488,-0.006441719215817452,-0.01131779608556167,-0.11879106911413405,0.1767103704875788,-0.20812458095374725,0.1635048949693323,-0.14094205410100685,-0.2281028361154833,0.1625173761972114,0.1310398223819514,-0.016721222548386126,0.0781185114658581,0.032367707290695706,0.08017889399542691,-0.15661420207445326,-0.20786522665271112,-0.06348489487662733,-0.18687777886275064,0.046474771509206175,0.1269253936068193,-0.22061843471135223,0.004999549593671199
34,0.10764407110870318,0.3581631101277763,0.05530657582218367,0.06427636996232595,0.16507878463491077,-0.023754307094861198,0.017145956089404217,0.09208542697183852,-0.18687372589989576,-0.12297968227425708,0.02262116509695978,-0.21630076864334788,-0.14709800163167433,0.13111200903639378,0.12071727735894583,0.03159559203053099,0.09658918272275817,-0.13642008370828046,-8.455636574714634e-17,0.0054676330694004545,0.28851534523653977,-0.2180709848698423,-0.13054608791910666,-0.058307933284609266,0.08074686491480766,0.1859954776929666,0.056898572987507064,-0.035599300175634736,0.2602681945806578,-0.3015976359000248,-0.0030581579830821653,-0.15888228470328106,0.13484612730137507,0.21488532292348822,0.05143817132424257,0.10556111869219412,-0.2475150892676379,-0.10416299885151438,-0.09950689928234635,-0.03359718474151839,0.07652111190458293,-0.2164987386130502,0.10014217679300978,0.005750791743298761,0.011105986619039354,0.21026935000977287,0.15037077161875587,-0.28179516703272417,0.03706308895721444,-0.13609075996861697,-0.020576364877615695
35,0.10728950586685944,-0.07165521650587484,-0.04039487213946935,-0.12293140583839046,0.09622776832986797,-0.2732662168795757,-0.13980421232780751,-0.06454824308388035,0.04565470884496557,0.05350055456973942,-0.08896924959207773,0.15355268196756539,0.10862047769541469,0.3664716481032249,-0.0988818791826375,-0.15005852669570297,0.03428918532193043,-0.14251124517196778,5.374907929571891e-17,0.11426709010325019,-0.03952648565301082,-0.04222387350296729,-0.022941387881951603,-0.16803687180217255,-0.06470317308323546,0.06954930144882465,-0.09735050593249486,0.2577791926273715,-0.06425303731134319,0.10838700259664563,0.15101964705518092,-0.07608062368815663,-0.34058803080058947,0.21025707219204162,0.11881398302706575,-0.1637606746177984,0.004049832830913834,0.2718417785446905,0.07361542779473615,0.0001180050521683319,-0.12228995649032942,-0.30594963946906595,0.10046257613287363,0.09370736082039079,0.10495664330986913,0.21371985413895464,-0.0936038664118729,0.044725958167902376,-0.028440943060008758,-0.10728595329162867,-0.19891212925265817
36,0.02262642810035308,-0.013835447879250031,-0.010164310722582467,0.031353116169109005,-0.03831185465548893,-0.03089227817785913,0.05282317776745019,-0.09252906363598802,-0.05298763893030299,0.02699182513903789,0.4966154677491226,-0.14412793392130233,-0.018798053716982472,0.200940930372639,-0.3869144358403533,-0.08167550166846398,-0.05543286291771849,-0.009382761279857446,6.534960253390763e-17,-0.2646864180253563,0.03385654633152085,0.08122409097437651,-0.041086747746684166,0.02909191514121697,-0.1585717644824836,0.11324049908302437,0.171739550799462,0.13887514971015327,0.06496376547380374,0.10963225015785646,-0.26680286006618364,-0.060095041904389815,-0.038759939540686864,-0.08318871490845571,-0.020991000812474268,0.09770953272571643,-0.047352909200619756,-0.12480980641802432,-0.06384909774895348,0.3349144119826386,-0.24460994768506902,0.04043305378205225,-0.005450248448239411,-0.013731407438887781,0.20262113323922062,0.0009505822209693193,-0.06570246818596073,-0.00973330246272128,0.16502229647899652,-0.07309563439665788,0.06182734917646719
37,0.21146384171852328,0.16505556187530956,0.13190599012764223,-0.06109347630449588,-0.025389260905156117,-0.20952472146001122,0.07100357732236133,0.1851077922404434,-0.1412261399727042,-0.17453717915308664,0.02245850618780615,-0.00910095849307874,0.18571645205441487,0.14439329310271093,-0.1308193019890569,-0.11534130861835978,-0.07480195300399958,0.013652065118823232,1.4365272550610328e-16,0.135200225758334,-0.11882629124831419,-0.13636160484522744,-0.13859730338026363,-0.14466658748250324,0.07782194467283338,-0.14993493235535982,-0.06034104824799795,0.033936648040938135,-0.05768930881733887,0.2550914541893202,-0.090256357141437,0.1512350377917119,-0.05855284984260635,0.04767082675232613,-0.06455983998452859,0.2093703354001872,-0.253150482400135,-0.015518408420883782,0.18338015336820213,-0.013884479248953833,0.3162679216269363,0.1804326418929081,-0.051945889734955224,-0.01940992820774195,0.023844537233248274,-0.1893847720445239,0.037600271271447404,0.01082522492750346,-0.09015311665421628,0.010986915064002425,0.2016685501032714
38,0.03113910023660113,-0.14699060711060896,0.016825645353133155,-0.07788321981296806,-0.1310400663190744,0.06729804439335207,0.026434762574160442,0.24663526119900347,-0.076732877254142,-0.08433239682166253,-0.20761933577626,-0.10118321206076154,0.2039683495095837,0.20014189413044498,-0.08173999873044291,-0.1452553040800484,-0.05605309944196301,-0.23167616633255178,7.595856460167755e-17,-0.21792008781883596,-0.01680487714693224,-0.03906846616873687,0.02554490740636458,0.17125211901592963,-0.0037034759968114232,0.14099786392565689,0.10646456820768752,-0.017973923878098208,-0.00807157955979368,-0.25974608952614076,-0.06201138600984099,0.0530216071221971,0.19200956799786006,0.19133692831416882,-0.01638371188598595,-0.16230411736233563,0.09461982566854805,0.0062548775470979675,0.3030723425304717,-0.044372258074643386,-0.09580962204659493,0.14150308631070435,-0.1423240006974075,-0.0917644710268559,0.022656993550949515,-0.16263618542705832,-0.0927654126516272,-0.08746627256533519,-0.002427117641416193,0.07838777612241109,-0.20589909633551018
39,0.023998155312094108,0.22857537811694234,0.10725154450380625,-0.0939706598969446,0.03920870894803493,-0.07223937648373686,0.15663763897683827,-0.1144636970173849,-0.19068666502748507,0.19002830684549257,-0.04692421721009029,-0.1085774573833191,-0.1713874753710733,-0.11813595110821583,0.05580098760012853,-0.019987347164207775,0.030300018304067353,0.02951150670358834,6.559303524472505e-17,-0.002102848920107394,0.14356486461052406,0.07111022804117427,-0.06098160813365475,0.005197847391775509,0.06839314136203196,0.07546605845043237,0.08535499063256352,-0.03506999514854652,-0.08885556623001763,0.14011620606041492,-0.24543498601879715,0.015147568154238173,0.07285582170341648,0.14824550996333344,0.18658838343762035,-0.24432954294011422,-0.01987525034284443,0.10780042118477343,0.05402489456500872,-0.14364665156707893,-0.11463045994690413,-0.017868433721160655,-0.03289631028641661,0.04724158621604263,0.04589110575214547,-0.14037183294496006,-0.18215850957519594,0.2749081124053195,-0.10180798656511143,-0.014353228008859659,0.06270834445625273
40,-0.015854695759679675,-0.006588180214873886,0.0062541844007627575,0.14759494322617142,-0.022204128480035223,0.1878301217439518,-0.07656010819471323,0.104224587051655,0.03044991289378613,-0.03718616278298018,-0.04632044310652445,-0.1492023048382895,0.017918485747348365,0.03569036507825532,0.020675722000668202,0.11967681223059733,0.031818883646943,0.17502307117643603,-1.041750546108337e-16,-0.1991397758451869,-0.04785297052258995,-0.18577322306827876,-0.19015001516635235,0.03241883064338826,0.03964105819475809,0.031221386112036818,-0.15010670326212103,-0.07715835394208871,0.13306708704777984,0.10549458199488326,0.011247759372079218,-0.1517244395493264,-0.19654142915405026,-0.0785704967605497,0.15919592780827177,-0.005842701013492452,0.020620900824697613,-0.1926241568825181,0.31356130119922543,0.10113755781146863,0.044596146244261795,-0.14196386546256543,-0.016226711119880364,0.09730236043065942,-0.07540125063258207,0.061894178235977135,-0.0704910709327572,0.27099432195374634,-0.054355334955272006,0.03152483247079668,-0.061382449723841284
41,0.13855701578097832,-0.19401445493530153,0.09101228587262537,0.02230586918480699,0.06795243441150892,-0.04920406882227843,-0.07742198115387047,-0.19715690572159372,-0.205156118884759,0.13720674696098148,-0.1023800920378629,-0.04887649643814282,0.0985943691941327,0.013733290361954989,-0.036589851384633845,0.07441112493075668,-0.0017959883085823317,0.019653241617414916,1.2806382429053899e-16,0.029171281965290133,0.08620375875320962,-0.18673714255305449,-0.052169262525027404,0.34959942389898935,-0.0027308068978744876,-0.01784360051505086,-0.0001912805287997913,-0.025593529285996414,-0.1413131122556002,0.051368816798142806,0.05733164699788451,0.11954051823019154,0.02565075207191728,0.126745839645678,-0.00032321675183583944,0.031373043024466425,0.1325952129935822,-0.12995061515728257,-0.06487758016265456,0.1480680968533638,0.08330300803277499,0.0056499125065911865,0.17509734827239937,-0.2151682104666284,-0.02629259614644797,0.1397804053269022,-0.06114762900540986,-0.005440280154482617,-0.06562654805845569,-0.08412218057694469,0.1498717737780411
42,0.05277023948469468,0.012240253763152936,-0.044439720755019195,-0.011856286931306286,0.21963058914924913,0.15892322659067995,-0.09695697506638665,-0.0950904585794046,-0.13720347052545145,-0.10702653617272365,0.0906297373147823,-0.059756654811684747,0.2024298447283392,-0.1270006146797171,-0.11405536862237209,0.006761057754206844,0.09346721128014078,-0.0679516629750139,2.5468637785574377e-17,0.03520087307427408,-0.06219071915210673,-0.12036835052687984,0.0032499244188486055,-0.1595855617190231,0.004339043353265348,-0.040634929798848245,0.14089535707823966,-0.043857119144261755,-0.06089382528507707,0.09464979608646504,0.006033266458274304,-0.04019874996857241,0.23230967580289927,-0.13211065654170426,-0.014593124103664977,-0.10318334041220197,0.1348792593390483,0.1913780600965757,0.15134112362326657,0.02305970756668874,-0.03167804763578314,0.0013312447585483464,0.04121140804452823,0.14447996308853833,-0.14886656328843326,0.05080162618311871,0.0863908545662019,-0.02369470434102086,0.026008282635000272,-0.17062262197593925,-0.0005063314070072646
43,0.07281508667171102,0.05828676269689091,0.03824280588670732,-0.012549802061686596,0.07005617043745577,0.1494438066227289,-0.016058110154840603,-0.06792109822640433,-0.05617578832692107,0.00699344214835854,-0.03103356712281502,0.2482802105545663,-0.16746932584399185,0.04402655532951576,0.057747293189749305,-0.027335896415912317,-0.055175476969553876,0.03198409603608664,1.4225069888172819e-18,-0.13995204128248312,-0.0020529090839849925,-0.04835046446683774,0.09892813834531063,-0.00784040921682103,0.028897477546548114,-0.23914942667332667,0.1502771805765183,-0.022863991660381652,0.06354446834170631,-0.1258109431590253,-0.004997094488250255,0.014186429544761165,-0.2203585572730724,0.04053471398348973,0.007302403432630154,-0.19523554673130136,-0.08053053556768067,0.015612486085822053,0.13038636762241546,0.12864544295802322,0.028200424413844547,0.14449931584252687,0.004119545582345555,0.007668926734850224,0.018182399195923193,0.004453340496457141,0.0127317978395342,-0.08723579369948073,0.039064960492173305,-0.08995418162068201,0.10593825629647081
44,0.09293456956246257,0.0361364132014447,-0.02599913946216001,0.15446111140810673,-0.047990843290183036,0.13141026149680843,-0.11734149911846697,0.1684899202437372,0.01971720888832486,0.03974014530771205,-0.03844195654385036,-0.0783261863084038,0.05833601292736627,-0.0506538723685397,0.035492813866519465,0.08226559088579925,-0.08876251870269346,-0.13437589407087147,-4.2175879177536003e-17,0.061596678969476897,0.06331437833092791,0.0019104578436493313,-0.022750612971018613,0.10301136318476038,0.031694461730377835,0.009255953233471267,-0.03793236131988187,0.01811402500958144,-0.17419982965033862,0.05161475932330264,-0.0989952465532902,-0.00858180821978604,-0.10069240392148163,-0.0276213095871417,0.07869220549731785,-0.10471590583146857,-0.03267583596975357,0.15017785466068473,-0.16657546417124258,0.1795539236681612,0.025275692875201712,-0.05669221368631482,-0.15024135042782522,0.13105402782168518,0.08763202328890729,-0.05137499837990578,0.06702958160269942,-0.11243484602372991,-0.03665422425945946,0.043390478595701026,0.06123909863618023
45,0.03464948939186211,-0.10805655075618538,-0.024093353395790596,0.03486122120610972,0.002508601249689312,-0.1275099818724186,-0.0512837815778385,0.035560849878109695,-0.06659766502614071,-0.1099835981803859,0.03350110786007335,0.04259966385671097,-0.024831416083509035,-0.06902399183070287,-0.06292325193428647,-0.025512296217933616,0.07086811340723526,0.14158744390293915,-7.368823416526334e-17,0.06073755225154408,0.03309456646038048,0.0268364946051587,0.057561017697859714,0.1681755884723364,-0.06328086561992395,-0.029164130387733144,0.023505880748161283,-0.0014760111233936936,-0.006219991219571856,-0.09640289892127388,0.008470320589204616,-0.04282521505779433,0.007118409266421544,0.13841744942229514,-0.0021795783832462296,0.04326751198653125,-0.0015433871288055468,-0.06979929202518914,-0.01428780820854607,-0.0513816420106942,0.04219659428684417,0.029823610522729308,-0.061916677670004056,0.39281263133422506,0.00876695840238607,-0.03758540783055779,-0.06929993242095585,0.029472971144674915,0.04401975816159476,-0.0828126527274996,-0.0010882929376115208
46,0.030093147822883984,-0.03477544086078929,0.04166298676898852,-0.0003869208369872053,-0.11876386801999281,-0.07250829055080638,-0.027449097634065084,-0.04048033296419375,-0.010713565441804018,0.1185293861769009,-0.06491387302346247,-0.05866146695385344,-0.06438898806986013,0.0741562108204249,-0.013626457276606073,-0.07670453286303879,0.04390219262815954,0.06894228193221207,4.779123348421514e-17,0.10468017742565605,-0.0435888672358741,-0.014824628166560582,-0.11616729840233975,0.02093194165370557,0.034918420213326876,0.025591040115982566,-0.0006053060620124124,0.12821963289593377,0.18692942784140337,-0.025170173541128788,-0.05284574276367561,0.05657357098043378,0.05149096821838876,-0.17065088389399433,-0.002633789854874592,-0.15950555157100396,0.10018156365474859,-0.016985140790294583,0.03895845458193639,-0.0005439658387086718,0.015895999388084434,0.02675745362475626,0.045040111443007895,0.11636953700482457,-0.010106904038090945,0.00563989011024312,0.11808825260890221,-0.11448586157570277,-0.012093635196627312,0.08106266210414854,0.08692543357723968
47,-0.0016226174089658642,0.01094493050185437,-0.007392863383469615,-0.012545982523715849,-0.11273870828233046,-0.010631559820164541,-0.05036112875751544,-0.051830646701085475,0.0008395293325867177,-0.10332022802625049,0.060504168871245594,-0.08457027525958302,0.08155020414367867,0.0037030680287920936,0.08570503208318138,0.05736831626449729,0.022560491261956892,0.059960248138386366,-1.8590075324329018e-17,0.03219494576381857,-0.0035288167597089496,0.0051041502345378865,0.056695274328599846,-0.09076991800689709,-0.06092229954102192,0.05381089718594682,0.17829317353464522,0.03592413548478753,-0.04914173925387737,-0.04918178752694427,-0.043741534147477466,0.034677567294175905,-0.10095109027772017,0.01587645735080382,0.07662941196099832,-0.05069842089863862,0.048303306725061876,-0.05436620489674043,-0.02631180768525461,-0.031245948943973374,0.0892922509922934,0.037699683597507895,0.010068186456801282,-0.0316877223201822,-0.002546467893807003,0.05384118343338297,-0.019253139052721902,-0.005665173136809007,-0.08140246147751375,0.03364702997281696,-0.018907839824144745
48,-0.04721695615283767,-0.021213424774383174,0.010062564532137417,0.06323658676978651,0.042910706727164495,0.012997554655098238,0.01707667065450645,0.012702193135123658,-0.008306106445206327,-0.03376954451855478,-0.15265840667765576,0.023342628636620594,0.0008886141150226028,-0.11867484886537452,-0.12600312435199734,0.041684128933929726,5.6336797556139754e-05,-0.022502533461235298,-1.1381471226665881e-17,0.03881720877391593,0.1130349884131412,-0.02467050947688639,0.012688070838071424,-0.0699997460386788,-0.015599001985763493,0.017114848700761028,0.03678745912368229,0.1599244482570101,0.024657990468740256,-0.015989083117701038,-0.01896154515717362,-0.04130785080493102,-0.04657825406553911,-0.013890975984599775,0.015511377284635504,0.05999302632849656,0.02640757374879888,-0.030498802770408208,0.03752960725696644,-0.013968645320454323,-0.027420540542789137,0.04962558515294271,0.007823953044851778,-0.034903803589196106,0.07879524893402863,-0.009199605903077699,0.005887981278150886,0.015328614673610833,0.0009916950780152725,0.011426270950950381,0.03186400874172904
49,0.0035568815645571814,0.01928748351836461,0.00372153519805754,-0.0236586810530414,-0.01151419149489672,0.008402080137392286,0.02227448529596726,-0.030930681913339808,0.014528329528133953,-0.005473810871568184,-0.031098433632420423,-0.038363363543933104,-0.0011364329659292376,-0.011154876268006422,0.015407235011289037,-0.015903554869337387,0.03364981192045918,-0.00617523625001545,-1.0705401075607885e-17,-0.025661593411425,-0.0019165093856248969,0.025953356610750697,-0.0034098887874905617,-0.009935834097051907,0.01095229001920551,-0.006527531018871011,-0.007050225934658468,0.018963657280721115,-0.027698419935048,0.017071741708379048,0.03992681406512689,0.008019517398681087,-0.00398913473870139,0.014222209635729507,0.011511528197550646,0.02245840851396196,-0.004674050904178057,-0.01777814609296752,0.007836444628273155,0.04544741670233768,-0.016440638408645035,0.015171035782104842,0.014122042235137716,0.032030088203022854,-0.009706770953161435,-0.013378979914647414,-0.003485447075769364,-0.03490056005254727,-0.003490807592334614,0.0018735774158068772,-0.006187792039992808
50,2.5115455490164076e-37,1.0046182196065632e-37,8.371818496721359e-38,-7.367200277114796e-37,-1.1050800415672194e-36,-3.3487273986885435e-37,0.0,-9.376436716327923e-37,1.6743636993442717e-37,-7.367200277114796e-37,-3.3487273986885437e-38,-1.54041460339673e-36,4.395204710778714e-37,-8.371818496721359e-39,9.041563976459067e-37,-3.683600138557398e-37,1.004618219606563e-36,4.01716478178614e-37,4.245016296948249e-08,1.0046182196065632e-37,-2.8464182888852623e-37,6.697454797377087e-37,1.9255182542459125e-37,-5.023091098032816e-38,-1.5069273294098446e-37,2.6371228264672282e-37,6.441067855914996e-37,5.692836577770525e-37,-6.697454797377087e-37,-1.0046182196065632e-37,7.367200277114796e-37,4.688218358163961e-37,-3.516163768622971e-37,4.353345618295107e-37,4.688218358163961e-37,-3.3487273986885437e-38,3.8301069622500215e-37,-8.37181849672136e-37,-2.1766728091475533e-37,3.3487273986885435e-37,4.855654728098388e-37,4.688218358163961e-37,2.0092364392131264e-37,1.071592767580334e-36,-3.683600138557398e-37,3.0138546588196892e-37,-1.5906455143770583e-37,-8.036945756852506e-37,-5.8602729477049515e-37,8.371818496721359e-38,-2.678981918950835e-37
